#k-mer	mean_Hellinger_distance
AAAAAC*	0.002999
AAAAC*A	0.002999
AAAAC*C*	0.002999
AAAAC*G	0.002999
AAAAC*T	0.002999
AAAAGC*	0.462804
AAAATC*	0.321146
AAAC*AA	0.344578
AAAC*AC*	0.002999
AAAC*AG	0.002999
AAAC*AT	0.002999
AAAC*C*A	0.145001
AAAC*C*C*	0.002999
AAAC*C*G	0.430487
AAAC*C*T	0.002999
AAAC*GA	0.002999
AAAC*GC*	0.002999
AAAC*GG	0.002999
AAAC*GT	0.002999
AAAC*TA	0.002999
AAAC*TC*	0.233450
AAAC*TG	0.002999
AAAC*TT	0.002999
AAAGAC*	0.002999
AAAGC*A	0.500770
AAAGC*C*	0.481862
AAAGC*G	0.002999
AAAGC*T	0.415919
AAAGGC*	0.002999
AAAGTC*	0.002999
AAATAC*	0.247213
AAATC*A	0.328480
AAATC*C*	0.332704
AAATC*G	0.467004
AAATC*T	0.002999
AAATGC*	0.002999
AAATTC*	0.372437
AAC*AAA	0.045544
AAC*AAC*	0.002999
AAC*AAG	0.002999
AAC*AAT	0.002999
AAC*AC*A	0.002999
AAC*AC*C*	0.652277
AAC*AC*G	0.002999
AAC*AC*T	0.264478
AAC*AGA	0.276342
AAC*AGC*	0.002999
AAC*AGG	0.002999
AAC*AGT	0.002999
AAC*ATA	0.002999
AAC*ATC*	0.002999
AAC*ATG	0.002999
AAC*ATT	0.002999
AAC*C*AA	0.227618
AAC*C*AC*	0.002999
AAC*C*AG	0.002999
AAC*C*AT	0.382247
AAC*C*C*A	0.002999
AAC*C*C*C*	0.683172
AAC*C*C*G	0.002999
AAC*C*C*T	0.002999
AAC*C*GA	0.442076
AAC*C*GC*	0.596486
AAC*C*GG	0.002999
AAC*C*GT	0.417883
AAC*C*TA	0.468442
AAC*C*TC*	0.002999
AAC*C*TG	0.002999
AAC*C*TT	0.002999
AAC*GAA	0.002999
AAC*GAC*	0.002999
AAC*GAG	0.002999
AAC*GAT	0.002999
AAC*GC*A	0.056355
AAC*GC*C*	0.391719
AAC*GC*G	0.002999
AAC*GC*T	0.002999
AAC*GGA	0.407189
AAC*GGC*	0.002999
AAC*GGG	0.002999
AAC*GGT	0.177007
AAC*GTA	0.002999
AAC*GTC*	0.666740
AAC*GTG	0.002999
AAC*GTT	0.002999
AAC*TAA	0.002999
AAC*TAC*	0.002999
AAC*TAG	0.002999
AAC*TAT	0.002999
AAC*TC*A	0.153161
AAC*TC*C*	0.002999
AAC*TC*G	0.002999
AAC*TC*T	0.358578
AAC*TGA	0.271559
AAC*TGC*	0.485383
AAC*TGG	0.419764
AAC*TGT	0.002999
AAC*TTA	0.002999
AAC*TTC*	0.002999
AAC*TTG	0.002999
AAC*TTT	0.150478
AAGAAC*	0.002999
AAGAC*A	0.002999
AAGAC*C*	0.002999
AAGAC*G	0.284343
AAGAC*T	0.002999
AAGAGC*	0.002999
AAGATC*	0.002999
AAGC*AA	0.612590
AAGC*AC*	0.002999
AAGC*AG	0.002999
AAGC*AT	0.002999
AAGC*C*A	0.002999
AAGC*C*C*	0.002999
AAGC*C*G	0.160060
AAGC*C*T	0.002999
AAGC*GA	0.002999
AAGC*GC*	0.002999
AAGC*GG	0.002999
AAGC*GT	0.548079
AAGC*TA	0.432893
AAGC*TC*	0.205234
AAGC*TG	0.607387
AAGC*TT	0.002999
AAGGAC*	0.002999
AAGGC*A	0.409039
AAGGC*C*	0.002999
AAGGC*G	0.002999
AAGGC*T	0.002999
AAGGGC*	0.446239
AAGGTC*	0.002999
AAGTAC*	0.002999
AAGTC*A	0.236799
AAGTC*C*	0.002999
AAGTC*G	0.002999
AAGTC*T	0.002999
AAGTGC*	0.430917
AAGTTC*	0.208200
AATAAC*	0.002999
AATAC*A	0.210682
AATAC*C*	0.002999
AATAC*G	0.002999
AATAC*T	0.335537
AATAGC*	0.002999
AATATC*	0.002999
AATC*AA	0.301954
AATC*AC*	0.707114
AATC*AG	0.002999
AATC*AT	0.002999
AATC*C*A	0.285489
AATC*C*C*	0.002999
AATC*C*G	0.002999
AATC*C*T	0.002999
AATC*GA	0.295448
AATC*GC*	0.294747
AATC*GG	0.002999
AATC*GT	0.002999
AATC*TA	0.002999
AATC*TC*	0.002999
AATC*TG	0.002999
AATC*TT	0.002999
AATGAC*	0.336370
AATGC*A	0.002999
AATGC*C*	0.002999
AATGC*G	0.002999
AATGC*T	0.470569
AATGGC*	0.002999
AATGTC*	0.433299
AATTAC*	0.002999
AATTC*A	0.002999
AATTC*C*	0.002999
AATTC*G	0.002999
AATTC*T	0.137124
AATTGC*	0.455509
AATTTC*	0.520989
AC*AAAA	0.002999
AC*AAAC*	0.002999
AC*AAAG	0.448723
AC*AAAT	0.134499
AC*AAC*A	0.497513
AC*AAC*C*	0.056411
AC*AAC*G	0.571280
AC*AAC*T	0.002999
AC*AAGA	0.002999
AC*AAGC*	0.002999
AC*AAGG	0.148334
AC*AAGT	0.002999
AC*AATA	0.002999
AC*AATC*	0.002999
AC*AATG	0.002999
AC*AATT	0.002999
AC*AC*AA	0.002999
AC*AC*AC*	0.002999
AC*AC*AG	0.002999
AC*AC*AT	0.002999
AC*AC*C*A	0.002999
AC*AC*C*C*	0.318374
AC*AC*C*G	0.491657
AC*AC*C*T	0.494984
AC*AC*GA	0.002999
AC*AC*GC*	0.002999
AC*AC*GG	0.002999
AC*AC*GT	0.002999
AC*AC*TA	0.002999
AC*AC*TC*	0.002999
AC*AC*TG	0.370154
AC*AC*TT	0.002999
AC*AGAA	0.002999
AC*AGAC*	0.002999
AC*AGAG	0.002999
AC*AGAT	0.138964
AC*AGC*A	0.002999
AC*AGC*C*	0.365862
AC*AGC*G	0.002999
AC*AGC*T	0.002999
AC*AGGA	0.300452
AC*AGGC*	0.508283
AC*AGGG	0.002999
AC*AGGT	0.002999
AC*AGTA	0.002999
AC*AGTC*	0.002999
AC*AGTG	0.002999
AC*AGTT	0.002999
AC*ATAA	0.002999
AC*ATAC*	0.002999
AC*ATAG	0.002999
AC*ATAT	0.002999
AC*ATC*A	0.133669
AC*ATC*C*	0.002999
AC*ATC*G	0.002999
AC*ATC*T	0.002999
AC*ATGA	0.293161
AC*ATGC*	0.002999
AC*ATGG	0.002999
AC*ATGT	0.002999
AC*ATTA	0.230758
AC*ATTC*	0.320654
AC*ATTG	0.002999
AC*ATTT	0.069452
AC*C*AAA	0.002999
AC*C*AAC*	0.446164
AC*C*AAG	0.002999
AC*C*AAT	0.359424
AC*C*AC*A	0.002999
AC*C*AC*C*	0.322055
AC*C*AC*G	0.002999
AC*C*AC*T	0.002999
AC*C*AGA	0.181474
AC*C*AGC*	0.002999
AC*C*AGG	0.396384
AC*C*AGT	0.393638
AC*C*ATA	0.002999
AC*C*ATC*	0.521158
AC*C*ATG	0.002999
AC*C*ATT	0.232823
AC*C*C*AA	0.002999
AC*C*C*AC*	0.002999
AC*C*C*AG	0.002999
AC*C*C*AT	0.002999
AC*C*C*C*A	0.002999
AC*C*C*C*C*	0.002999
AC*C*C*C*G	0.002999
AC*C*C*C*T	0.573111
AC*C*C*GA	0.002999
AC*C*C*GC*	0.002999
AC*C*C*GG	0.002999
AC*C*C*GT	0.002999
AC*C*C*TA	0.002999
AC*C*C*TC*	0.002999
AC*C*C*TG	0.327073
AC*C*C*TT	0.002999
AC*C*GAA	0.553331
AC*C*GAC*	0.430909
AC*C*GAG	0.002999
AC*C*GAT	0.002999
AC*C*GC*A	0.242669
AC*C*GC*C*	0.417981
AC*C*GC*G	0.002999
AC*C*GC*T	0.263253
AC*C*GGA	0.002999
AC*C*GGC*	0.002999
AC*C*GGG	0.002999
AC*C*GGT	0.002999
AC*C*GTA	0.002999
AC*C*GTC*	0.645720
AC*C*GTG	0.304459
AC*C*GTT	0.400277
AC*C*TAA	0.002999
AC*C*TAC*	0.473716
AC*C*TAG	0.002999
AC*C*TAT	0.440882
AC*C*TC*A	0.393031
AC*C*TC*C*	0.002999
AC*C*TC*G	0.002999
AC*C*TC*T	0.002999
AC*C*TGA	0.600218
AC*C*TGC*	0.002999
AC*C*TGG	0.002999
AC*C*TGT	0.002999
AC*C*TTA	0.002999
AC*C*TTC*	0.632560
AC*C*TTG	0.002999
AC*C*TTT	0.002999
AC*GAAA	0.341179
AC*GAAC*	0.002999
AC*GAAG	0.002999
AC*GAAT	0.348414
AC*GAC*A	0.002999
AC*GAC*C*	0.002999
AC*GAC*G	0.385031
AC*GAC*T	0.002999
AC*GAGA	0.002999
AC*GAGC*	0.002999
AC*GAGG	0.298683
AC*GAGT	0.002999
AC*GATA	0.002999
AC*GATC*	0.002999
AC*GATG	0.002999
AC*GATT	0.002999
AC*GC*AA	0.002999
AC*GC*AC*	0.002999
AC*GC*AG	0.694858
AC*GC*AT	0.633759
AC*GC*C*A	0.002999
AC*GC*C*C*	0.002999
AC*GC*C*G	0.310320
AC*GC*C*T	0.202261
AC*GC*GA	0.002999
AC*GC*GC*	0.002999
AC*GC*GG	0.002999
AC*GC*GT	0.002999
AC*GC*TA	0.002999
AC*GC*TC*	0.002999
AC*GC*TG	0.347058
AC*GC*TT	0.542416
AC*GGAA	0.184832
AC*GGAC*	0.002999
AC*GGAG	0.002999
AC*GGAT	0.002999
AC*GGC*A	0.002999
AC*GGC*C*	0.002999
AC*GGC*G	0.271503
AC*GGC*T	0.002999
AC*GGGA	0.314301
AC*GGGC*	0.002999
AC*GGGG	0.002999
AC*GGGT	0.002999
AC*GGTA	0.101087
AC*GGTC*	0.308217
AC*GGTG	0.238284
AC*GGTT	0.470296
AC*GTAA	0.002999
AC*GTAC*	0.002999
AC*GTAG	0.002999
AC*GTAT	0.002999
AC*GTC*A	0.327485
AC*GTC*C*	0.002999
AC*GTC*G	0.479182
AC*GTC*T	0.378216
AC*GTGA	0.002999
AC*GTGC*	0.002999
AC*GTGG	0.002999
AC*GTGT	0.002999
AC*GTTA	0.002999
AC*GTTC*	0.446648
AC*GTTG	0.002999
AC*GTTT	0.002999
AC*TAAA	0.002999
AC*TAAC*	0.002999
AC*TAAG	0.002999
AC*TAAT	0.002999
AC*TAC*A	0.002999
AC*TAC*C*	0.002999
AC*TAC*G	0.002999
AC*TAC*T	0.002999
AC*TAGA	0.002999
AC*TAGC*	0.002999
AC*TAGG	0.002999
AC*TAGT	0.002999
AC*TATA	0.002999
AC*TATC*	0.002999
AC*TATG	0.002999
AC*TATT	0.002999
AC*TC*AA	0.002999
AC*TC*AC*	0.002999
AC*TC*AG	0.226772
AC*TC*AT	0.120758
AC*TC*C*A	0.002999
AC*TC*C*C*	0.002999
AC*TC*C*G	0.002999
AC*TC*C*T	0.002999
AC*TC*GA	0.002999
AC*TC*GC*	0.002999
AC*TC*GG	0.002999
AC*TC*GT	0.002999
AC*TC*TA	0.002999
AC*TC*TC*	0.002999
AC*TC*TG	0.002999
AC*TC*TT	0.471877
AC*TGAA	0.002999
AC*TGAC*	0.002999
AC*TGAG	0.500178
AC*TGAT	0.159498
AC*TGC*A	0.002999
AC*TGC*C*	0.137687
AC*TGC*G	0.002999
AC*TGC*T	0.002999
AC*TGGA	0.002999
AC*TGGC*	0.514651
AC*TGGG	0.002999
AC*TGGT	0.287122
AC*TGTA	0.002999
AC*TGTC*	0.002999
AC*TGTG	0.002999
AC*TGTT	0.002999
AC*TTAA	0.002999
AC*TTAC*	0.002999
AC*TTAG	0.002999
AC*TTAT	0.002999
AC*TTC*A	0.002999
AC*TTC*C*	0.002999
AC*TTC*G	0.002999
AC*TTC*T	0.002999
AC*TTGA	0.246728
AC*TTGC*	0.002999
AC*TTGG	0.002999
AC*TTGT	0.002999
AC*TTTA	0.002999
AC*TTTC*	0.514893
AC*TTTG	0.002999
AC*TTTT	0.017848
AGAAAC*	0.481171
AGAAC*A	0.002999
AGAAC*C*	0.002999
AGAAC*G	0.002999
AGAAC*T	0.002999
AGAAGC*	0.454678
AGAATC*	0.002999
AGAC*AA	0.002999
AGAC*AC*	0.002999
AGAC*AG	0.002999
AGAC*AT	0.002999
AGAC*C*A	0.002999
AGAC*C*C*	0.002999
AGAC*C*G	0.492034
AGAC*C*T	0.283136
AGAC*GA	0.438604
AGAC*GC*	0.002999
AGAC*GG	0.318332
AGAC*GT	0.360614
AGAC*TA	0.002999
AGAC*TC*	0.002999
AGAC*TG	0.002999
AGAC*TT	0.002999
AGAGAC*	0.002999
AGAGC*A	0.355838
AGAGC*C*	0.002999
AGAGC*G	0.520817
AGAGC*T	0.147374
AGAGGC*	0.002999
AGAGTC*	0.002999
AGATAC*	0.002999
AGATC*A	0.496093
AGATC*C*	0.002999
AGATC*G	0.527543
AGATC*T	0.002999
AGATGC*	0.266900
AGATTC*	0.002999
AGC*AAA	0.394244
AGC*AAC*	0.516648
AGC*AAG	0.002999
AGC*AAT	0.397352
AGC*AC*A	0.002999
AGC*AC*C*	0.002999
AGC*AC*G	0.401605
AGC*AC*T	0.002999
AGC*AGA	0.002999
AGC*AGC*	0.002999
AGC*AGG	0.002999
AGC*AGT	0.002999
AGC*ATA	0.002999
AGC*ATC*	0.271920
AGC*ATG	0.002999
AGC*ATT	0.486687
AGC*C*AA	0.002999
AGC*C*AC*	0.463300
AGC*C*AG	0.307320
AGC*C*AT	0.002999
AGC*C*C*A	0.002999
AGC*C*C*C*	0.002999
AGC*C*C*G	0.002999
AGC*C*C*T	0.413540
AGC*C*GA	0.314452
AGC*C*GC*	0.430682
AGC*C*GG	0.002999
AGC*C*GT	0.002999
AGC*C*TA	0.002999
AGC*C*TC*	0.002999
AGC*C*TG	0.232694
AGC*C*TT	0.002999
AGC*GAA	0.002999
AGC*GAC*	0.002999
AGC*GAG	0.002999
AGC*GAT	0.002999
AGC*GC*A	0.371249
AGC*GC*C*	0.002999
AGC*GC*G	0.002999
AGC*GC*T	0.520609
AGC*GGA	0.002999
AGC*GGC*	0.002999
AGC*GGG	0.104243
AGC*GGT	0.357699
AGC*GTA	0.196706
AGC*GTC*	0.268080
AGC*GTG	0.002999
AGC*GTT	0.002999
AGC*TAA	0.605623
AGC*TAC*	0.002999
AGC*TAG	0.002999
AGC*TAT	0.002999
AGC*TC*A	0.475422
AGC*TC*C*	0.002999
AGC*TC*G	0.551733
AGC*TC*T	0.665520
AGC*TGA	0.435314
AGC*TGC*	0.002999
AGC*TGG	0.002999
AGC*TGT	0.002999
AGC*TTA	0.002999
AGC*TTC*	0.368985
AGC*TTG	0.002999
AGC*TTT	0.104795
AGGAAC*	0.643549
AGGAC*A	0.002999
AGGAC*C*	0.002999
AGGAC*G	0.002999
AGGAC*T	0.002999
AGGAGC*	0.002999
AGGATC*	0.294343
AGGC*AA	0.002999
AGGC*AC*	0.002999
AGGC*AG	0.589332
AGGC*AT	0.470040
AGGC*C*A	0.002999
AGGC*C*C*	0.449190
AGGC*C*G	0.002999
AGGC*C*T	0.073939
AGGC*GA	0.002999
AGGC*GC*	0.002999
AGGC*GG	0.002999
AGGC*GT	0.748558
AGGC*TA	0.002999
AGGC*TC*	0.002999
AGGC*TG	0.505696
AGGC*TT	0.002999
AGGGAC*	0.002999
AGGGC*A	0.550148
AGGGC*C*	0.365422
AGGGC*G	0.002999
AGGGC*T	0.761575
AGGGGC*	0.002999
AGGGTC*	0.002999
AGGTAC*	0.002999
AGGTC*A	0.002999
AGGTC*C*	0.002999
AGGTC*G	0.002999
AGGTC*T	0.407820
AGGTGC*	0.002999
AGGTTC*	0.002999
AGTAAC*	0.002999
AGTAC*A	0.002999
AGTAC*C*	0.491985
AGTAC*G	0.002999
AGTAC*T	0.002999
AGTAGC*	0.002999
AGTATC*	0.002999
AGTC*AA	0.002999
AGTC*AC*	0.002999
AGTC*AG	0.209387
AGTC*AT	0.002999
AGTC*C*A	0.002999
AGTC*C*C*	0.002999
AGTC*C*G	0.002999
AGTC*C*T	0.002999
AGTC*GA	0.002999
AGTC*GC*	0.002999
AGTC*GG	0.002999
AGTC*GT	0.002999
AGTC*TA	0.002999
AGTC*TC*	0.002999
AGTC*TG	0.002999
AGTC*TT	0.002999
AGTGAC*	0.002999
AGTGC*A	0.002999
AGTGC*C*	0.212611
AGTGC*G	0.002999
AGTGC*T	0.002999
AGTGGC*	0.002999
AGTGTC*	0.002999
AGTTAC*	0.002999
AGTTC*A	0.457531
AGTTC*C*	0.002999
AGTTC*G	0.185874
AGTTC*T	0.002999
AGTTGC*	0.002999
AGTTTC*	0.002999
ATAAAC*	0.226958
ATAAC*A	0.002999
ATAAC*C*	0.002999
ATAAC*G	0.002999
ATAAC*T	0.002999
ATAAGC*	0.002999
ATAATC*	0.002999
ATAC*AA	0.002999
ATAC*AC*	0.002999
ATAC*AG	0.002999
ATAC*AT	0.498259
ATAC*C*A	0.283578
ATAC*C*C*	0.002999
ATAC*C*G	0.002999
ATAC*C*T	0.002999
ATAC*GA	0.002999
ATAC*GC*	0.445135
ATAC*GG	0.002999
ATAC*GT	0.002999
ATAC*TA	0.002999
ATAC*TC*	0.002999
ATAC*TG	0.399101
ATAC*TT	0.002999
ATAGAC*	0.002999
ATAGC*A	0.002999
ATAGC*C*	0.002999
ATAGC*G	0.002999
ATAGC*T	0.002999
ATAGGC*	0.474584
ATAGTC*	0.002999
ATATAC*	0.002999
ATATC*A	0.262863
ATATC*C*	0.002999
ATATC*G	0.002999
ATATC*T	0.002999
ATATGC*	0.002999
ATATTC*	0.002999
ATC*AAA	0.140638
ATC*AAC*	0.438014
ATC*AAG	0.002999
ATC*AAT	0.002999
ATC*AC*A	0.002999
ATC*AC*C*	0.515407
ATC*AC*G	0.473431
ATC*AC*T	0.002999
ATC*AGA	0.140131
ATC*AGC*	0.680597
ATC*AGG	0.002999
ATC*AGT	0.202179
ATC*ATA	0.002999
ATC*ATC*	0.099364
ATC*ATG	0.185214
ATC*ATT	0.002999
ATC*C*AA	0.272317
ATC*C*AC*	0.002999
ATC*C*AG	0.299767
ATC*C*AT	0.002999
ATC*C*C*A	0.002999
ATC*C*C*C*	0.002999
ATC*C*C*G	0.559710
ATC*C*C*T	0.002999
ATC*C*GA	0.002999
ATC*C*GC*	0.002999
ATC*C*GG	0.472438
ATC*C*GT	0.002999
ATC*C*TA	0.481602
ATC*C*TC*	0.168299
ATC*C*TG	0.426004
ATC*C*TT	0.244738
ATC*GAA	0.241221
ATC*GAC*	0.002999
ATC*GAG	0.002999
ATC*GAT	0.002999
ATC*GC*A	0.002999
ATC*GC*C*	0.336421
ATC*GC*G	0.002999
ATC*GC*T	0.002999
ATC*GGA	0.002999
ATC*GGC*	0.002999
ATC*GGG	0.192712
ATC*GGT	0.002999
ATC*GTA	0.002999
ATC*GTC*	0.002999
ATC*GTG	0.002999
ATC*GTT	0.002999
ATC*TAA	0.002999
ATC*TAC*	0.002999
ATC*TAG	0.002999
ATC*TAT	0.002999
ATC*TC*A	0.002999
ATC*TC*C*	0.002999
ATC*TC*G	0.002999
ATC*TC*T	0.002999
ATC*TGA	0.244694
ATC*TGC*	0.002999
ATC*TGG	0.002999
ATC*TGT	0.271619
ATC*TTA	0.002999
ATC*TTC*	0.534304
ATC*TTG	0.002999
ATC*TTT	0.407158
ATGAAC*	0.002999
ATGAC*A	0.380370
ATGAC*C*	0.002999
ATGAC*G	0.002999
ATGAC*T	0.002999
ATGAGC*	0.400104
ATGATC*	0.393913
ATGC*AA	0.002999
ATGC*AC*	0.002999
ATGC*AG	0.571406
ATGC*AT	0.002999
ATGC*C*A	0.002999
ATGC*C*C*	0.002999
ATGC*C*G	0.002999
ATGC*C*T	0.085027
ATGC*GA	0.002999
ATGC*GC*	0.002999
ATGC*GG	0.704372
ATGC*GT	0.642597
ATGC*TA	0.002999
ATGC*TC*	0.404057
ATGC*TG	0.002999
ATGC*TT	0.002999
ATGGAC*	0.002999
ATGGC*A	0.002999
ATGGC*C*	0.002999
ATGGC*G	0.002999
ATGGC*T	0.002999
ATGGGC*	0.002999
ATGGTC*	0.002999
ATGTAC*	0.002999
ATGTC*A	0.411118
ATGTC*C*	0.002999
ATGTC*G	0.246719
ATGTC*T	0.002999
ATGTGC*	0.302954
ATGTTC*	0.002999
ATTAAC*	0.397016
ATTAC*A	0.002999
ATTAC*C*	0.002999
ATTAC*G	0.365793
ATTAC*T	0.002999
ATTAGC*	0.002999
ATTATC*	0.285746
ATTC*AA	0.461870
ATTC*AC*	0.002999
ATTC*AG	0.333061
ATTC*AT	0.002999
ATTC*C*A	0.002999
ATTC*C*C*	0.002999
ATTC*C*G	0.002999
ATTC*C*T	0.311939
ATTC*GA	0.002999
ATTC*GC*	0.002999
ATTC*GG	0.002999
ATTC*GT	0.291109
ATTC*TA	0.002999
ATTC*TC*	0.002999
ATTC*TG	0.211398
ATTC*TT	0.524850
ATTGAC*	0.439487
ATTGC*A	0.002999
ATTGC*C*	0.423076
ATTGC*G	0.002999
ATTGC*T	0.530241
ATTGGC*	0.002999
ATTGTC*	0.002999
ATTTAC*	0.002999
ATTTC*A	0.002999
ATTTC*C*	0.266131
ATTTC*G	0.002999
ATTTC*T	0.002999
ATTTGC*	0.322711
ATTTTC*	0.002999
C*AAAAA	0.002999
C*AAAAC*	0.002999
C*AAAAG	0.274877
C*AAAAT	0.164719
C*AAAC*A	0.002999
C*AAAC*C*	0.002999
C*AAAC*G	0.002999
C*AAAC*T	0.197221
C*AAAGA	0.404630
C*AAAGC*	0.507310
C*AAAGG	0.002999
C*AAAGT	0.002999
C*AAATA	0.298266
C*AAATC*	0.420630
C*AAATG	0.227966
C*AAATT	0.181346
C*AAC*AA	0.383079
C*AAC*AC*	0.297115
C*AAC*AG	0.145426
C*AAC*AT	0.002999
C*AAC*C*A	0.253572
C*AAC*C*C*	0.002999
C*AAC*C*G	0.484025
C*AAC*C*T	0.002999
C*AAC*GA	0.002999
C*AAC*GC*	0.351154
C*AAC*GG	0.179056
C*AAC*GT	0.002999
C*AAC*TA	0.002999
C*AAC*TC*	0.267841
C*AAC*TG	0.324080
C*AAC*TT	0.002999
C*AAGAA	0.344546
C*AAGAC*	0.517258
C*AAGAG	0.002999
C*AAGAT	0.002999
C*AAGC*A	0.002999
C*AAGC*C*	0.002999
C*AAGC*G	0.002999
C*AAGC*T	0.002999
C*AAGGA	0.002999
C*AAGGC*	0.469591
C*AAGGG	0.002999
C*AAGGT	0.002999
C*AAGTA	0.002999
C*AAGTC*	0.490601
C*AAGTG	0.002999
C*AAGTT	0.002999
C*AATAA	0.287063
C*AATAC*	0.338962
C*AATAG	0.002999
C*AATAT	0.002999
C*AATC*A	0.002999
C*AATC*C*	0.002999
C*AATC*G	0.002999
C*AATC*T	0.002999
C*AATGA	0.002999
C*AATGC*	0.002999
C*AATGG	0.002999
C*AATGT	0.002999
C*AATTA	0.502725
C*AATTC*	0.490748
C*AATTG	0.002999
C*AATTT	0.222671
C*AC*AAA	0.002999
C*AC*AAC*	0.002999
C*AC*AAG	0.002999
C*AC*AAT	0.002999
C*AC*AC*A	0.002999
C*AC*AC*C*	0.002999
C*AC*AC*G	0.002999
C*AC*AC*T	0.002999
C*AC*AGA	0.002999
C*AC*AGC*	0.288668
C*AC*AGG	0.233309
C*AC*AGT	0.002999
C*AC*ATA	0.002999
C*AC*ATC*	0.002999
C*AC*ATG	0.002999
C*AC*ATT	0.434247
C*AC*C*AA	0.415242
C*AC*C*AC*	0.002999
C*AC*C*AG	0.395315
C*AC*C*AT	0.210001
C*AC*C*C*A	0.002999
C*AC*C*C*C*	0.002999
C*AC*C*C*G	0.002999
C*AC*C*C*T	0.258650
C*AC*C*GA	0.002999
C*AC*C*GC*	0.185124
C*AC*C*GG	0.002999
C*AC*C*GT	0.416055
C*AC*C*TA	0.465774
C*AC*C*TC*	0.002999
C*AC*C*TG	0.530847
C*AC*C*TT	0.346638
C*AC*GAA	0.388765
C*AC*GAC*	0.640117
C*AC*GAG	0.252926
C*AC*GAT	0.002999
C*AC*GC*A	0.138030
C*AC*GC*C*	0.002999
C*AC*GC*G	0.002999
C*AC*GC*T	0.002999
C*AC*GGA	0.395256
C*AC*GGC*	0.002999
C*AC*GGG	0.002999
C*AC*GGT	0.288005
C*AC*GTA	0.002999
C*AC*GTC*	0.002999
C*AC*GTG	0.002999
C*AC*GTT	0.002999
C*AC*TAA	0.002999
C*AC*TAC*	0.002999
C*AC*TAG	0.002999
C*AC*TAT	0.002999
C*AC*TC*A	0.002999
C*AC*TC*C*	0.002999
C*AC*TC*G	0.002999
C*AC*TC*T	0.002999
C*AC*TGA	0.002999
C*AC*TGC*	0.002999
C*AC*TGG	0.389418
C*AC*TGT	0.002999
C*AC*TTA	0.002999
C*AC*TTC*	0.002999
C*AC*TTG	0.002999
C*AC*TTT	0.378946
C*AGAAA	0.135190
C*AGAAC*	0.002999
C*AGAAG	0.037144
C*AGAAT	0.231843
C*AGAC*A	0.002999
C*AGAC*C*	0.501819
C*AGAC*G	0.002999
C*AGAC*T	0.002999
C*AGAGA	0.002999
C*AGAGC*	0.616799
C*AGAGG	0.002999
C*AGAGT	0.002999
C*AGATA	0.002999
C*AGATC*	0.234210
C*AGATG	0.002999
C*AGATT	0.002999
C*AGC*AA	0.578467
C*AGC*AC*	0.553219
C*AGC*AG	0.002999
C*AGC*AT	0.002999
C*AGC*C*A	0.188017
C*AGC*C*C*	0.242138
C*AGC*C*G	0.258701
C*AGC*C*T	0.198516
C*AGC*GA	0.002999
C*AGC*GC*	0.246969
C*AGC*GG	0.002999
C*AGC*GT	0.534481
C*AGC*TA	0.002999
C*AGC*TC*	0.602974
C*AGC*TG	0.002999
C*AGC*TT	0.403525
C*AGGAA	0.005743
C*AGGAC*	0.002999
C*AGGAG	0.002999
C*AGGAT	0.315174
C*AGGC*A	0.002999
C*AGGC*C*	0.583705
C*AGGC*G	0.318376
C*AGGC*T	0.339010
C*AGGGA	0.002999
C*AGGGC*	0.002999
C*AGGGG	0.214909
C*AGGGT	0.233418
C*AGGTA	0.002999
C*AGGTC*	0.002999
C*AGGTG	0.349630
C*AGGTT	0.002999
C*AGTAA	0.002999
C*AGTAC*	0.381772
C*AGTAG	0.002999
C*AGTAT	0.278763
C*AGTC*A	0.002999
C*AGTC*C*	0.002999
C*AGTC*G	0.002999
C*AGTC*T	0.002999
C*AGTGA	0.002999
C*AGTGC*	0.420424
C*AGTGG	0.002999
C*AGTGT	0.384181
C*AGTTA	0.002999
C*AGTTC*	0.059222
C*AGTTG	0.253973
C*AGTTT	0.002999
C*ATAAA	0.002999
C*ATAAC*	0.002999
C*ATAAG	0.002999
C*ATAAT	0.002999
C*ATAC*A	0.002999
C*ATAC*C*	0.466421
C*ATAC*G	0.002999
C*ATAC*T	0.002999
C*ATAGA	0.002999
C*ATAGC*	0.002999
C*ATAGG	0.002999
C*ATAGT	0.002999
C*ATATA	0.002999
C*ATATC*	0.509159
C*ATATG	0.002999
C*ATATT	0.002999
C*ATC*AA	0.310485
C*ATC*AC*	0.422630
C*ATC*AG	0.155135
C*ATC*AT	0.333897
C*ATC*C*A	0.102798
C*ATC*C*C*	0.002999
C*ATC*C*G	0.376668
C*ATC*C*T	0.129781
C*ATC*GA	0.002999
C*ATC*GC*	0.002999
C*ATC*GG	0.002999
C*ATC*GT	0.002999
C*ATC*TA	0.002999
C*ATC*TC*	0.002999
C*ATC*TG	0.002999
C*ATC*TT	0.203422
C*ATGAA	0.002999
C*ATGAC*	0.554283
C*ATGAG	0.002999
C*ATGAT	0.017993
C*ATGC*A	0.002999
C*ATGC*C*	0.002999
C*ATGC*G	0.002999
C*ATGC*T	0.002999
C*ATGGA	0.002999
C*ATGGC*	0.002999
C*ATGGG	0.002999
C*ATGGT	0.002999
C*ATGTA	0.002999
C*ATGTC*	0.343318
C*ATGTG	0.002999
C*ATGTT	0.002999
C*ATTAA	0.273466
C*ATTAC*	0.450539
C*ATTAG	0.002999
C*ATTAT	0.224773
C*ATTC*A	0.251286
C*ATTC*C*	0.002999
C*ATTC*G	0.398208
C*ATTC*T	0.433496
C*ATTGA	0.002999
C*ATTGC*	0.002999
C*ATTGG	0.002999
C*ATTGT	0.002999
C*ATTTA	0.002999
C*ATTTC*	0.289517
C*ATTTG	0.307219
C*ATTTT	0.002999
C*C*AAAA	0.002999
C*C*AAAC*	0.002999
C*C*AAAG	0.002999
C*C*AAAT	0.105083
C*C*AAC*A	0.002999
C*C*AAC*C*	0.002999
C*C*AAC*G	0.002999
C*C*AAC*T	0.373231
C*C*AAGA	0.417581
C*C*AAGC*	0.002999
C*C*AAGG	0.002999
C*C*AAGT	0.002999
C*C*AATA	0.002999
C*C*AATC*	0.002999
C*C*AATG	0.002999
C*C*AATT	0.272855
C*C*AC*AA	0.002999
C*C*AC*AC*	0.002999
C*C*AC*AG	0.100316
C*C*AC*AT	0.002999
C*C*AC*C*A	0.575709
C*C*AC*C*C*	0.002999
C*C*AC*C*G	0.002999
C*C*AC*C*T	0.493671
C*C*AC*GA	0.002999
C*C*AC*GC*	0.002999
C*C*AC*GG	0.306813
C*C*AC*GT	0.002999
C*C*AC*TA	0.002999
C*C*AC*TC*	0.002999
C*C*AC*TG	0.002999
C*C*AC*TT	0.002999
C*C*AGAA	0.184380
C*C*AGAC*	0.002999
C*C*AGAG	0.002999
C*C*AGAT	0.002999
C*C*AGC*A	0.002999
C*C*AGC*C*	0.200940
C*C*AGC*G	0.002999
C*C*AGC*T	0.002999
C*C*AGGA	0.002999
C*C*AGGC*	0.338259
C*C*AGGG	0.002999
C*C*AGGT	0.002999
C*C*AGTA	0.002999
C*C*AGTC*	0.002999
C*C*AGTG	0.136263
C*C*AGTT	0.134021
C*C*ATAA	0.002999
C*C*ATAC*	0.002999
C*C*ATAG	0.002999
C*C*ATAT	0.153799
C*C*ATC*A	0.411816
C*C*ATC*C*	0.560358
C*C*ATC*G	0.002999
C*C*ATC*T	0.002999
C*C*ATGA	0.002999
C*C*ATGC*	0.002999
C*C*ATGG	0.002999
C*C*ATGT	0.002999
C*C*ATTA	0.294319
C*C*ATTC*	0.002999
C*C*ATTG	0.002999
C*C*ATTT	0.314044
C*C*C*AAA	0.002999
C*C*C*AAC*	0.002999
C*C*C*AAG	0.002999
C*C*C*AAT	0.002999
C*C*C*AC*A	0.002999
C*C*C*AC*C*	0.002999
C*C*C*AC*G	0.002999
C*C*C*AC*T	0.002999
C*C*C*AGA	0.002999
C*C*C*AGC*	0.002999
C*C*C*AGG	0.002999
C*C*C*AGT	0.002999
C*C*C*ATA	0.291651
C*C*C*ATC*	0.454863
C*C*C*ATG	0.002999
C*C*C*ATT	0.002999
C*C*C*C*AA	0.002999
C*C*C*C*AC*	0.002999
C*C*C*C*AG	0.002999
C*C*C*C*AT	0.514090
C*C*C*C*C*A	0.002999
C*C*C*C*C*C*	0.002999
C*C*C*C*C*G	0.002999
C*C*C*C*C*T	0.002999
C*C*C*C*GA	0.256654
C*C*C*C*GC*	0.002999
C*C*C*C*GG	0.002999
C*C*C*C*GT	0.002999
C*C*C*C*TA	0.494496
C*C*C*C*TC*	0.002999
C*C*C*C*TG	0.472443
C*C*C*C*TT	0.002999
C*C*C*GAA	0.413352
C*C*C*GAC*	0.701119
C*C*C*GAG	0.002999
C*C*C*GAT	0.560680
C*C*C*GC*A	0.002999
C*C*C*GC*C*	0.002999
C*C*C*GC*G	0.002999
C*C*C*GC*T	0.475275
C*C*C*GGA	0.002999
C*C*C*GGC*	0.002999
C*C*C*GGG	0.002999
C*C*C*GGT	0.002999
C*C*C*GTA	0.002999
C*C*C*GTC*	0.458747
C*C*C*GTG	0.002999
C*C*C*GTT	0.002999
C*C*C*TAA	0.002999
C*C*C*TAC*	0.002999
C*C*C*TAG	0.002999
C*C*C*TAT	0.545464
C*C*C*TC*A	0.578555
C*C*C*TC*C*	0.002999
C*C*C*TC*G	0.002999
C*C*C*TC*T	0.002999
C*C*C*TGA	0.525783
C*C*C*TGC*	0.393940
C*C*C*TGG	0.002999
C*C*C*TGT	0.002999
C*C*C*TTA	0.002999
C*C*C*TTC*	0.427328
C*C*C*TTG	0.002999
C*C*C*TTT	0.208536
C*C*GAAA	0.641481
C*C*GAAC*	0.714204
C*C*GAAG	0.002999
C*C*GAAT	0.002999
C*C*GAC*A	0.516205
C*C*GAC*C*	0.002999
C*C*GAC*G	0.550544
C*C*GAC*T	0.002999
C*C*GAGA	0.002999
C*C*GAGC*	0.002999
C*C*GAGG	0.002999
C*C*GAGT	0.002999
C*C*GATA	0.002999
C*C*GATC*	0.593669
C*C*GATG	0.002999
C*C*GATT	0.002999
C*C*GC*AA	0.002999
C*C*GC*AC*	0.002999
C*C*GC*AG	0.527379
C*C*GC*AT	0.488893
C*C*GC*C*A	0.002999
C*C*GC*C*C*	0.002999
C*C*GC*C*G	0.235187
C*C*GC*C*T	0.002999
C*C*GC*GA	0.525836
C*C*GC*GC*	0.534829
C*C*GC*GG	0.002999
C*C*GC*GT	0.002999
C*C*GC*TA	0.416000
C*C*GC*TC*	0.454384
C*C*GC*TG	0.002999
C*C*GC*TT	0.002999
C*C*GGAA	0.002999
C*C*GGAC*	0.002999
C*C*GGAG	0.342755
C*C*GGAT	0.176687
C*C*GGC*A	0.595334
C*C*GGC*C*	0.002999
C*C*GGC*G	0.611146
C*C*GGC*T	0.002999
C*C*GGGA	0.002999
C*C*GGGC*	0.002999
C*C*GGGG	0.002999
C*C*GGGT	0.002999
C*C*GGTA	0.002999
C*C*GGTC*	0.002999
C*C*GGTG	0.002999
C*C*GGTT	0.002999
C*C*GTAA	0.002999
C*C*GTAC*	0.002999
C*C*GTAG	0.002999
C*C*GTAT	0.002999
C*C*GTC*A	0.221844
C*C*GTC*C*	0.453574
C*C*GTC*G	0.628560
C*C*GTC*T	0.606367
C*C*GTGA	0.002999
C*C*GTGC*	0.002999
C*C*GTGG	0.086748
C*C*GTGT	0.002999
C*C*GTTA	0.002999
C*C*GTTC*	0.075397
C*C*GTTG	0.216368
C*C*GTTT	0.002999
C*C*TAAA	0.002999
C*C*TAAC*	0.002999
C*C*TAAG	0.002999
C*C*TAAT	0.002999
C*C*TAC*A	0.204638
C*C*TAC*C*	0.002999
C*C*TAC*G	0.002999
C*C*TAC*T	0.002999
C*C*TAGA	0.340284
C*C*TAGC*	0.002999
C*C*TAGG	0.002999
C*C*TAGT	0.002999
C*C*TATA	0.191745
C*C*TATC*	0.002999
C*C*TATG	0.002999
C*C*TATT	0.039326
C*C*TC*AA	0.002999
C*C*TC*AC*	0.518281
C*C*TC*AG	0.181289
C*C*TC*AT	0.277048
C*C*TC*C*A	0.426693
C*C*TC*C*C*	0.002999
C*C*TC*C*G	0.293295
C*C*TC*C*T	0.002999
C*C*TC*GA	0.002999
C*C*TC*GC*	0.002999
C*C*TC*GG	0.002999
C*C*TC*GT	0.321015
C*C*TC*TA	0.002999
C*C*TC*TC*	0.002999
C*C*TC*TG	0.002999
C*C*TC*TT	0.002999
C*C*TGAA	0.328975
C*C*TGAC*	0.260391
C*C*TGAG	0.344748
C*C*TGAT	0.002999
C*C*TGC*A	0.484694
C*C*TGC*C*	0.002999
C*C*TGC*G	0.334259
C*C*TGC*T	0.002999
C*C*TGGA	0.002999
C*C*TGGC*	0.002999
C*C*TGGG	0.002999
C*C*TGGT	0.351887
C*C*TGTA	0.002999
C*C*TGTC*	0.509173
C*C*TGTG	0.345700
C*C*TGTT	0.002999
C*C*TTAA	0.002999
C*C*TTAC*	0.002999
C*C*TTAG	0.002999
C*C*TTAT	0.002999
C*C*TTC*A	0.235442
C*C*TTC*C*	0.457580
C*C*TTC*G	0.002999
C*C*TTC*T	0.119445
C*C*TTGA	0.002999
C*C*TTGC*	0.002999
C*C*TTGG	0.002999
C*C*TTGT	0.346284
C*C*TTTA	0.002999
C*C*TTTC*	0.267426
C*C*TTTG	0.002999
C*C*TTTT	0.002999
C*GAAAA	0.135894
C*GAAAC*	0.002999
C*GAAAG	0.269450
C*GAAAT	0.002999
C*GAAC*A	0.002999
C*GAAC*C*	0.344536
C*GAAC*G	0.002999
C*GAAC*T	0.224074
C*GAAGA	0.002999
C*GAAGC*	0.002999
C*GAAGG	0.002999
C*GAAGT	0.002999
C*GAATA	0.002999
C*GAATC*	0.002999
C*GAATG	0.054162
C*GAATT	0.002999
C*GAC*AA	0.271755
C*GAC*AC*	0.409815
C*GAC*AG	0.396518
C*GAC*AT	0.338916
C*GAC*C*A	0.002999
C*GAC*C*C*	0.002999
C*GAC*C*G	0.718187
C*GAC*C*T	0.002999
C*GAC*GA	0.002999
C*GAC*GC*	0.002999
C*GAC*GG	0.449836
C*GAC*GT	0.391758
C*GAC*TA	0.002999
C*GAC*TC*	0.002999
C*GAC*TG	0.002999
C*GAC*TT	0.002999
C*GAGAA	0.002999
C*GAGAC*	0.002999
C*GAGAG	0.002999
C*GAGAT	0.002999
C*GAGC*A	0.002999
C*GAGC*C*	0.002999
C*GAGC*G	0.002999
C*GAGC*T	0.374130
C*GAGGA	0.002999
C*GAGGC*	0.486772
C*GAGGG	0.002999
C*GAGGT	0.002999
C*GAGTA	0.002999
C*GAGTC*	0.002999
C*GAGTG	0.002999
C*GAGTT	0.002999
C*GATAA	0.002999
C*GATAC*	0.002999
C*GATAG	0.002999
C*GATAT	0.002999
C*GATC*A	0.002999
C*GATC*C*	0.002999
C*GATC*G	0.002999
C*GATC*T	0.473102
C*GATGA	0.002999
C*GATGC*	0.002999
C*GATGG	0.002999
C*GATGT	0.002999
C*GATTA	0.002999
C*GATTC*	0.376270
C*GATTG	0.002999
C*GATTT	0.226001
C*GC*AAA	0.002999
C*GC*AAC*	0.002999
C*GC*AAG	0.002999
C*GC*AAT	0.002999
C*GC*AC*A	0.338334
C*GC*AC*C*	0.002999
C*GC*AC*G	0.454487
C*GC*AC*T	0.002999
C*GC*AGA	0.514650
C*GC*AGC*	0.002999
C*GC*AGG	0.416105
C*GC*AGT	0.002999
C*GC*ATA	0.002999
C*GC*ATC*	0.219461
C*GC*ATG	0.002999
C*GC*ATT	0.002999
C*GC*C*AA	0.002999
C*GC*C*AC*	0.002999
C*GC*C*AG	0.002999
C*GC*C*AT	0.002999
C*GC*C*C*A	0.002999
C*GC*C*C*C*	0.352690
C*GC*C*C*G	0.002999
C*GC*C*C*T	0.002999
C*GC*C*GA	0.606118
C*GC*C*GC*	0.002999
C*GC*C*GG	0.437557
C*GC*C*GT	0.475512
C*GC*C*TA	0.458849
C*GC*C*TC*	0.002999
C*GC*C*TG	0.277985
C*GC*C*TT	0.002999
C*GC*GAA	0.002999
C*GC*GAC*	0.397049
C*GC*GAG	0.002999
C*GC*GAT	0.002999
C*GC*GC*A	0.476519
C*GC*GC*C*	0.002999
C*GC*GC*G	0.002999
C*GC*GC*T	0.002999
C*GC*GGA	0.404940
C*GC*GGC*	0.551257
C*GC*GGG	0.002999
C*GC*GGT	0.002999
C*GC*GTA	0.002999
C*GC*GTC*	0.002999
C*GC*GTG	0.002999
C*GC*GTT	0.002999
C*GC*TAA	0.002999
C*GC*TAC*	0.460284
C*GC*TAG	0.002999
C*GC*TAT	0.002999
C*GC*TC*A	0.394801
C*GC*TC*C*	0.556487
C*GC*TC*G	0.002999
C*GC*TC*T	0.481192
C*GC*TGA	0.293551
C*GC*TGC*	0.002999
C*GC*TGG	0.002999
C*GC*TGT	0.002999
C*GC*TTA	0.002999
C*GC*TTC*	0.379306
C*GC*TTG	0.002999
C*GC*TTT	0.002999
C*GGAAA	0.002641
C*GGAAC*	0.629983
C*GGAAG	0.002999
C*GGAAT	0.002999
C*GGAC*A	0.002999
C*GGAC*C*	0.002999
C*GGAC*G	0.002999
C*GGAC*T	0.002999
C*GGAGA	0.002999
C*GGAGC*	0.002999
C*GGAGG	0.117216
C*GGAGT	0.002999
C*GGATA	0.002999
C*GGATC*	0.002999
C*GGATG	0.182487
C*GGATT	0.002999
C*GGC*AA	0.002999
C*GGC*AC*	0.002999
C*GGC*AG	0.704895
C*GGC*AT	0.002999
C*GGC*C*A	0.318544
C*GGC*C*C*	0.315505
C*GGC*C*G	0.002999
C*GGC*C*T	0.002999
C*GGC*GA	0.002999
C*GGC*GC*	0.002999
C*GGC*GG	0.667385
C*GGC*GT	0.741529
C*GGC*TA	0.002999
C*GGC*TC*	0.002999
C*GGC*TG	0.554748
C*GGC*TT	0.644614
C*GGGAA	0.318769
C*GGGAC*	0.733768
C*GGGAG	0.002999
C*GGGAT	0.246754
C*GGGC*A	0.449605
C*GGGC*C*	0.002999
C*GGGC*G	0.002999
C*GGGC*T	0.002999
C*GGGGA	0.376629
C*GGGGC*	0.002999
C*GGGGG	0.002999
C*GGGGT	0.002999
C*GGGTA	0.002999
C*GGGTC*	0.002999
C*GGGTG	0.002999
C*GGGTT	0.002999
C*GGTAA	0.280660
C*GGTAC*	0.314345
C*GGTAG	0.002999
C*GGTAT	0.002999
C*GGTC*A	0.002999
C*GGTC*C*	0.002999
C*GGTC*G	0.453017
C*GGTC*T	0.541380
C*GGTGA	0.129598
C*GGTGC*	0.002999
C*GGTGG	0.002999
C*GGTGT	0.254865
C*GGTTA	0.381364
C*GGTTC*	0.498923
C*GGTTG	0.313475
C*GGTTT	0.114401
C*GTAAA	0.002999
C*GTAAC*	0.002999
C*GTAAG	0.002999
C*GTAAT	0.073950
C*GTAC*A	0.002999
C*GTAC*C*	0.682581
C*GTAC*G	0.002999
C*GTAC*T	0.002999
C*GTAGA	0.002999
C*GTAGC*	0.002999
C*GTAGG	0.002999
C*GTAGT	0.002999
C*GTATA	0.002999
C*GTATC*	0.126300
C*GTATG	0.002999
C*GTATT	0.002999
C*GTC*AA	0.147578
C*GTC*AC*	0.002999
C*GTC*AG	0.251496
C*GTC*AT	0.002999
C*GTC*C*A	0.002999
C*GTC*C*C*	0.263784
C*GTC*C*G	0.002999
C*GTC*C*T	0.002999
C*GTC*GA	0.002999
C*GTC*GC*	0.002999
C*GTC*GG	0.230536
C*GTC*GT	0.315497
C*GTC*TA	0.295206
C*GTC*TC*	0.002999
C*GTC*TG	0.002999
C*GTC*TT	0.350487
C*GTGAA	0.249806
C*GTGAC*	0.002999
C*GTGAG	0.002999
C*GTGAT	0.093379
C*GTGC*A	0.002999
C*GTGC*C*	0.002999
C*GTGC*G	0.412603
C*GTGC*T	0.529195
C*GTGGA	0.380818
C*GTGGC*	0.480507
C*GTGGG	0.002999
C*GTGGT	0.002999
C*GTGTA	0.002999
C*GTGTC*	0.002999
C*GTGTG	0.002999
C*GTGTT	0.002999
C*GTTAA	0.002999
C*GTTAC*	0.002999
C*GTTAG	0.002999
C*GTTAT	0.002999
C*GTTC*A	0.339291
C*GTTC*C*	0.314424
C*GTTC*G	0.002999
C*GTTC*T	0.002999
C*GTTGA	0.002999
C*GTTGC*	0.270817
C*GTTGG	0.002999
C*GTTGT	0.372410
C*GTTTA	0.002999
C*GTTTC*	0.002999
C*GTTTG	0.002999
C*GTTTT	0.002999
C*TAAAA	0.002999
C*TAAAC*	0.002999
C*TAAAG	0.002999
C*TAAAT	0.260299
C*TAAC*A	0.002999
C*TAAC*C*	0.578651
C*TAAC*G	0.002999
C*TAAC*T	0.002999
C*TAAGA	0.176529
C*TAAGC*	0.002999
C*TAAGG	0.002999
C*TAAGT	0.002999
C*TAATA	0.002999
C*TAATC*	0.002999
C*TAATG	0.002999
C*TAATT	0.002999
C*TAC*AA	0.247057
C*TAC*AC*	0.383377
C*TAC*AG	0.002999
C*TAC*AT	0.002999
C*TAC*C*A	0.002999
C*TAC*C*C*	0.002999
C*TAC*C*G	0.002999
C*TAC*C*T	0.002999
C*TAC*GA	0.002999
C*TAC*GC*	0.002999
C*TAC*GG	0.002999
C*TAC*GT	0.002999
C*TAC*TA	0.002999
C*TAC*TC*	0.002999
C*TAC*TG	0.002999
C*TAC*TT	0.002999
C*TAGAA	0.002999
C*TAGAC*	0.002999
C*TAGAG	0.547019
C*TAGAT	0.002999
C*TAGC*A	0.002999
C*TAGC*C*	0.002999
C*TAGC*G	0.002999
C*TAGC*T	0.002999
C*TAGGA	0.463111
C*TAGGC*	0.002999
C*TAGGG	0.002999
C*TAGGT	0.002999
C*TAGTA	0.002999
C*TAGTC*	0.002999
C*TAGTG	0.002999
C*TAGTT	0.002999
C*TATAA	0.166364
C*TATAC*	0.002999
C*TATAG	0.002999
C*TATAT	0.002999
C*TATC*A	0.002999
C*TATC*C*	0.002999
C*TATC*G	0.002999
C*TATC*T	0.002999
C*TATGA	0.002999
C*TATGC*	0.002999
C*TATGG	0.002999
C*TATGT	0.002999
C*TATTA	0.002999
C*TATTC*	0.002999
C*TATTG	0.002999
C*TATTT	0.260964
C*TC*AAA	0.101274
C*TC*AAC*	0.002999
C*TC*AAG	0.002999
C*TC*AAT	0.002999
C*TC*AC*A	0.002999
C*TC*AC*C*	0.002999
C*TC*AC*G	0.002999
C*TC*AC*T	0.325278
C*TC*AGA	0.002999
C*TC*AGC*	0.492817
C*TC*AGG	0.110236
C*TC*AGT	0.231670
C*TC*ATA	0.237000
C*TC*ATC*	0.301712
C*TC*ATG	0.002999
C*TC*ATT	0.308307
C*TC*C*AA	0.002999
C*TC*C*AC*	0.482576
C*TC*C*AG	0.002999
C*TC*C*AT	0.002999
C*TC*C*C*A	0.002999
C*TC*C*C*C*	0.002999
C*TC*C*C*G	0.002999
C*TC*C*C*T	0.508417
C*TC*C*GA	0.002999
C*TC*C*GC*	0.002999
C*TC*C*GG	0.467631
C*TC*C*GT	0.002999
C*TC*C*TA	0.002999
C*TC*C*TC*	0.002999
C*TC*C*TG	0.002999
C*TC*C*TT	0.002999
C*TC*GAA	0.002999
C*TC*GAC*	0.408673
C*TC*GAG	0.002999
C*TC*GAT	0.002999
C*TC*GC*A	0.002999
C*TC*GC*C*	0.002999
C*TC*GC*G	0.002999
C*TC*GC*T	0.002999
C*TC*GGA	0.002999
C*TC*GGC*	0.002999
C*TC*GGG	0.002999
C*TC*GGT	0.002999
C*TC*GTA	0.002999
C*TC*GTC*	0.002999
C*TC*GTG	0.027106
C*TC*GTT	0.002999
C*TC*TAA	0.002999
C*TC*TAC*	0.002999
C*TC*TAG	0.197271
C*TC*TAT	0.002999
C*TC*TC*A	0.644548
C*TC*TC*C*	0.002999
C*TC*TC*G	0.002999
C*TC*TC*T	0.002999
C*TC*TGA	0.002999
C*TC*TGC*	0.375380
C*TC*TGG	0.002999
C*TC*TGT	0.002999
C*TC*TTA	0.002999
C*TC*TTC*	0.002999
C*TC*TTG	0.002999
C*TC*TTT	0.252807
C*TGAAA	0.202605
C*TGAAC*	0.467543
C*TGAAG	0.002999
C*TGAAT	0.064963
C*TGAC*A	0.002999
C*TGAC*C*	0.002999
C*TGAC*G	0.434312
C*TGAC*T	0.405302
C*TGAGA	0.002999
C*TGAGC*	0.434684
C*TGAGG	0.144426
C*TGAGT	0.054333
C*TGATA	0.178945
C*TGATC*	0.286842
C*TGATG	0.134232
C*TGATT	0.002999
C*TGC*AA	0.002999
C*TGC*AC*	0.002999
C*TGC*AG	0.002999
C*TGC*AT	0.571242
C*TGC*C*A	0.368285
C*TGC*C*C*	0.002999
C*TGC*C*G	0.124626
C*TGC*C*T	0.384736
C*TGC*GA	0.002999
C*TGC*GC*	0.002999
C*TGC*GG	0.508722
C*TGC*GT	0.460474
C*TGC*TA	0.002999
C*TGC*TC*	0.002999
C*TGC*TG	0.002999
C*TGC*TT	0.002999
C*TGGAA	0.002999
C*TGGAC*	0.002999
C*TGGAG	0.002999
C*TGGAT	0.178651
C*TGGC*A	0.415381
C*TGGC*C*	0.002999
C*TGGC*G	0.002999
C*TGGC*T	0.417309
C*TGGGA	0.002999
C*TGGGC*	0.002999
C*TGGGG	0.002999
C*TGGGT	0.002999
C*TGGTA	0.553108
C*TGGTC*	0.591625
C*TGGTG	0.146387
C*TGGTT	0.002999
C*TGTAA	0.002999
C*TGTAC*	0.002999
C*TGTAG	0.002999
C*TGTAT	0.002999
C*TGTC*A	0.002999
C*TGTC*C*	0.530058
C*TGTC*G	0.372100
C*TGTC*T	0.002999
C*TGTGA	0.002999
C*TGTGC*	0.430094
C*TGTGG	0.335616
C*TGTGT	0.002999
C*TGTTA	0.002999
C*TGTTC*	0.002999
C*TGTTG	0.250802
C*TGTTT	0.002999
C*TTAAA	0.002999
C*TTAAC*	0.002999
C*TTAAG	0.002999
C*TTAAT	0.002999
C*TTAC*A	0.002999
C*TTAC*C*	0.002999
C*TTAC*G	0.002999
C*TTAC*T	0.002999
C*TTAGA	0.322408
C*TTAGC*	0.002999
C*TTAGG	0.002999
C*TTAGT	0.002999
C*TTATA	0.002999
C*TTATC*	0.002999
C*TTATG	0.002999
C*TTATT	0.002999
C*TTC*AA	0.319755
C*TTC*AC*	0.262070
C*TTC*AG	0.002999
C*TTC*AT	0.254308
C*TTC*C*A	0.002999
C*TTC*C*C*	0.405904
C*TTC*C*G	0.002999
C*TTC*C*T	0.435332
C*TTC*GA	0.002999
C*TTC*GC*	0.002999
C*TTC*GG	0.002999
C*TTC*GT	0.002999
C*TTC*TA	0.002999
C*TTC*TC*	0.002999
C*TTC*TG	0.328471
C*TTC*TT	0.295100
C*TTGAA	0.224633
C*TTGAC*	0.421678
C*TTGAG	0.002999
C*TTGAT	0.002999
C*TTGC*A	0.002999
C*TTGC*C*	0.002999
C*TTGC*G	0.002999
C*TTGC*T	0.002999
C*TTGGA	0.002999
C*TTGGC*	0.580977
C*TTGGG	0.002999
C*TTGGT	0.002999
C*TTGTA	0.002999
C*TTGTC*	0.442153
C*TTGTG	0.002999
C*TTGTT	0.002999
C*TTTAA	0.002999
C*TTTAC*	0.582474
C*TTTAG	0.002999
C*TTTAT	0.002999
C*TTTC*A	0.310445
C*TTTC*C*	0.002999
C*TTTC*G	0.327145
C*TTTC*T	0.291093
C*TTTGA	0.320181
C*TTTGC*	0.281753
C*TTTGG	0.002999
C*TTTGT	0.107582
C*TTTTA	0.110415
C*TTTTC*	0.236910
C*TTTTG	0.286625
C*TTTTT	0.002999
GAAAAC*	0.002999
GAAAC*A	0.002999
GAAAC*C*	0.495201
GAAAC*G	0.002999
GAAAC*T	0.002999
GAAAGC*	0.002999
GAAATC*	0.002999
GAAC*AA	0.002999
GAAC*AC*	0.002999
GAAC*AG	0.002999
GAAC*AT	0.002999
GAAC*C*A	0.002999
GAAC*C*C*	0.494691
GAAC*C*G	0.296465
GAAC*C*T	0.002999
GAAC*GA	0.002999
GAAC*GC*	0.418491
GAAC*GG	0.220854
GAAC*GT	0.335866
GAAC*TA	0.002999
GAAC*TC*	0.002999
GAAC*TG	0.464169
GAAC*TT	0.302836
GAAGAC*	0.369321
GAAGC*A	0.239535
GAAGC*C*	0.002999
GAAGC*G	0.415004
GAAGC*T	0.192293
GAAGGC*	0.002999
GAAGTC*	0.002999
GAATAC*	0.002999
GAATC*A	0.195404
GAATC*C*	0.002999
GAATC*G	0.179914
GAATC*T	0.002999
GAATGC*	0.002999
GAATTC*	0.002999
GAC*AAA	0.002999
GAC*AAC*	0.426045
GAC*AAG	0.096020
GAC*AAT	0.002999
GAC*AC*A	0.002999
GAC*AC*C*	0.207753
GAC*AC*G	0.002999
GAC*AC*T	0.002999
GAC*AGA	0.002999
GAC*AGC*	0.002999
GAC*AGG	0.215294
GAC*AGT	0.002999
GAC*ATA	0.002999
GAC*ATC*	0.293948
GAC*ATG	0.353894
GAC*ATT	0.226955
GAC*C*AA	0.002999
GAC*C*AC*	0.131333
GAC*C*AG	0.347004
GAC*C*AT	0.002999
GAC*C*C*A	0.002999
GAC*C*C*C*	0.002999
GAC*C*C*G	0.002999
GAC*C*C*T	0.002999
GAC*C*GA	0.002999
GAC*C*GC*	0.002999
GAC*C*GG	0.002999
GAC*C*GT	0.379763
GAC*C*TA	0.002999
GAC*C*TC*	0.316247
GAC*C*TG	0.002999
GAC*C*TT	0.002999
GAC*GAA	0.154141
GAC*GAC*	0.323323
GAC*GAG	0.002999
GAC*GAT	0.002999
GAC*GC*A	0.002999
GAC*GC*C*	0.002999
GAC*GC*G	0.002999
GAC*GC*T	0.148552
GAC*GGA	0.002999
GAC*GGC*	0.488280
GAC*GGG	0.214084
GAC*GGT	0.172902
GAC*GTA	0.002999
GAC*GTC*	0.551226
GAC*GTG	0.002999
GAC*GTT	0.429895
GAC*TAA	0.002999
GAC*TAC*	0.002999
GAC*TAG	0.002999
GAC*TAT	0.002999
GAC*TC*A	0.249763
GAC*TC*C*	0.002999
GAC*TC*G	0.002999
GAC*TC*T	0.002999
GAC*TGA	0.002999
GAC*TGC*	0.002999
GAC*TGG	0.002999
GAC*TGT	0.002999
GAC*TTA	0.002999
GAC*TTC*	0.002999
GAC*TTG	0.367132
GAC*TTT	0.002999
GAGAAC*	0.002999
GAGAC*A	0.002999
GAGAC*C*	0.002999
GAGAC*G	0.002999
GAGAC*T	0.002999
GAGAGC*	0.338246
GAGATC*	0.002999
GAGC*AA	0.503407
GAGC*AC*	0.002999
GAGC*AG	0.002999
GAGC*AT	0.616908
GAGC*C*A	0.390664
GAGC*C*C*	0.002999
GAGC*C*G	0.002999
GAGC*C*T	0.002999
GAGC*GA	0.002999
GAGC*GC*	0.234119
GAGC*GG	0.555349
GAGC*GT	0.002999
GAGC*TA	0.002999
GAGC*TC*	0.002999
GAGC*TG	0.469947
GAGC*TT	0.295281
GAGGAC*	0.002999
GAGGC*A	0.466790
GAGGC*C*	0.291849
GAGGC*G	0.002999
GAGGC*T	0.002999
GAGGGC*	0.455506
GAGGTC*	0.249730
GAGTAC*	0.002999
GAGTC*A	0.399650
GAGTC*C*	0.002999
GAGTC*G	0.002999
GAGTC*T	0.002999
GAGTGC*	0.002999
GAGTTC*	0.002999
GATAAC*	0.002999
GATAC*A	0.002999
GATAC*C*	0.002999
GATAC*G	0.219025
GATAC*T	0.002999
GATAGC*	0.002999
GATATC*	0.002999
GATC*AA	0.002999
GATC*AC*	0.189414
GATC*AG	0.530208
GATC*AT	0.328504
GATC*C*A	0.373990
GATC*C*C*	0.486427
GATC*C*G	0.002999
GATC*C*T	0.308414
GATC*GA	0.002999
GATC*GC*	0.002999
GATC*GG	0.290989
GATC*GT	0.002999
GATC*TA	0.002999
GATC*TC*	0.002999
GATC*TG	0.408168
GATC*TT	0.002999
GATGAC*	0.002999
GATGC*A	0.576783
GATGC*C*	0.208342
GATGC*G	0.589533
GATGC*T	0.388618
GATGGC*	0.002999
GATGTC*	0.338479
GATTAC*	0.002999
GATTC*A	0.544447
GATTC*C*	0.342721
GATTC*G	0.002999
GATTC*T	0.002999
GATTGC*	0.002999
GATTTC*	0.002999
GC*AAAA	0.178501
GC*AAAC*	0.002999
GC*AAAG	0.103385
GC*AAAT	0.227343
GC*AAC*A	0.468413
GC*AAC*C*	0.002999
GC*AAC*G	0.556234
GC*AAC*T	0.002999
GC*AAGA	0.002999
GC*AAGC*	0.002999
GC*AAGG	0.002999
GC*AAGT	0.002999
GC*AATA	0.185060
GC*AATC*	0.002999
GC*AATG	0.002999
GC*AATT	0.232425
GC*AC*AA	0.002999
GC*AC*AC*	0.002999
GC*AC*AG	0.514765
GC*AC*AT	0.480789
GC*AC*C*A	0.459242
GC*AC*C*C*	0.002999
GC*AC*C*G	0.002999
GC*AC*C*T	0.002999
GC*AC*GA	0.236110
GC*AC*GC*	0.002999
GC*AC*GG	0.002999
GC*AC*GT	0.002999
GC*AC*TA	0.002999
GC*AC*TC*	0.002999
GC*AC*TG	0.519126
GC*AC*TT	0.403044
GC*AGAA	0.002999
GC*AGAC*	0.526779
GC*AGAG	0.106983
GC*AGAT	0.002999
GC*AGC*A	0.002999
GC*AGC*C*	0.002999
GC*AGC*G	0.002999
GC*AGC*T	0.002999
GC*AGGA	0.002999
GC*AGGC*	0.625434
GC*AGGG	0.134909
GC*AGGT	0.002999
GC*AGTA	0.002999
GC*AGTC*	0.002999
GC*AGTG	0.002999
GC*AGTT	0.444285
GC*ATAA	0.002999
GC*ATAC*	0.002999
GC*ATAG	0.002999
GC*ATAT	0.002999
GC*ATC*A	0.258921
GC*ATC*C*	0.536049
GC*ATC*G	0.002999
GC*ATC*T	0.323587
GC*ATGA	0.002999
GC*ATGC*	0.002999
GC*ATGG	0.002999
GC*ATGT	0.002999
GC*ATTA	0.381509
GC*ATTC*	0.002999
GC*ATTG	0.002999
GC*ATTT	0.002999
GC*C*AAA	0.071370
GC*C*AAC*	0.002999
GC*C*AAG	0.213561
GC*C*AAT	0.002999
GC*C*AC*A	0.287725
GC*C*AC*C*	0.561651
GC*C*AC*G	0.309477
GC*C*AC*T	0.002999
GC*C*AGA	0.208013
GC*C*AGC*	0.002999
GC*C*AGG	0.002999
GC*C*AGT	0.384435
GC*C*ATA	0.002999
GC*C*ATC*	0.002999
GC*C*ATG	0.002999
GC*C*ATT	0.002999
GC*C*C*AA	0.002999
GC*C*C*AC*	0.002999
GC*C*C*AG	0.002999
GC*C*C*AT	0.002999
GC*C*C*C*A	0.488726
GC*C*C*C*C*	0.002999
GC*C*C*C*G	0.002999
GC*C*C*C*T	0.002999
GC*C*C*GA	0.002999
GC*C*C*GC*	0.445056
GC*C*C*GG	0.002999
GC*C*C*GT	0.002999
GC*C*C*TA	0.002999
GC*C*C*TC*	0.348479
GC*C*C*TG	0.002999
GC*C*C*TT	0.209759
GC*C*GAA	0.002999
GC*C*GAC*	0.476832
GC*C*GAG	0.002999
GC*C*GAT	0.002999
GC*C*GC*A	0.375374
GC*C*GC*C*	0.530310
GC*C*GC*G	0.318043
GC*C*GC*T	0.002999
GC*C*GGA	0.373966
GC*C*GGC*	0.002999
GC*C*GGG	0.002999
GC*C*GGT	0.002999
GC*C*GTA	0.002999
GC*C*GTC*	0.510273
GC*C*GTG	0.002999
GC*C*GTT	0.002999
GC*C*TAA	0.002999
GC*C*TAC*	0.002999
GC*C*TAG	0.002999
GC*C*TAT	0.489208
GC*C*TC*A	0.002999
GC*C*TC*C*	0.002999
GC*C*TC*G	0.576850
GC*C*TC*T	0.002999
GC*C*TGA	0.364137
GC*C*TGC*	0.545899
GC*C*TGG	0.488532
GC*C*TGT	0.217901
GC*C*TTA	0.002999
GC*C*TTC*	0.002999
GC*C*TTG	0.204457
GC*C*TTT	0.002999
GC*GAAA	0.002999
GC*GAAC*	0.002999
GC*GAAG	0.002999
GC*GAAT	0.002999
GC*GAC*A	0.571575
GC*GAC*C*	0.002999
GC*GAC*G	0.002999
GC*GAC*T	0.002999
GC*GAGA	0.002999
GC*GAGC*	0.002999
GC*GAGG	0.002999
GC*GAGT	0.002999
GC*GATA	0.002999
GC*GATC*	0.002999
GC*GATG	0.002999
GC*GATT	0.179827
GC*GC*AA	0.002999
GC*GC*AC*	0.341021
GC*GC*AG	0.002999
GC*GC*AT	0.002999
GC*GC*C*A	0.002999
GC*GC*C*C*	0.002999
GC*GC*C*G	0.002999
GC*GC*C*T	0.002999
GC*GC*GA	0.002999
GC*GC*GC*	0.002999
GC*GC*GG	0.342742
GC*GC*GT	0.002999
GC*GC*TA	0.002999
GC*GC*TC*	0.569559
GC*GC*TG	0.566318
GC*GC*TT	0.002999
GC*GGAA	0.449593
GC*GGAC*	0.002999
GC*GGAG	0.002999
GC*GGAT	0.002999
GC*GGC*A	0.002999
GC*GGC*C*	0.138828
GC*GGC*G	0.002999
GC*GGC*T	0.382262
GC*GGGA	0.002999
GC*GGGC*	0.567828
GC*GGGG	0.002999
GC*GGGT	0.002999
GC*GGTA	0.002999
GC*GGTC*	0.002999
GC*GGTG	0.178090
GC*GGTT	0.228929
GC*GTAA	0.174748
GC*GTAC*	0.465509
GC*GTAG	0.002999
GC*GTAT	0.185767
GC*GTC*A	0.447180
GC*GTC*C*	0.002999
GC*GTC*G	0.002999
GC*GTC*T	0.002999
GC*GTGA	0.117976
GC*GTGC*	0.002999
GC*GTGG	0.002999
GC*GTGT	0.002999
GC*GTTA	0.002999
GC*GTTC*	0.365468
GC*GTTG	0.316239
GC*GTTT	0.002999
GC*TAAA	0.002999
GC*TAAC*	0.227009
GC*TAAG	0.002999
GC*TAAT	0.002999
GC*TAC*A	0.333973
GC*TAC*C*	0.002999
GC*TAC*G	0.002999
GC*TAC*T	0.002999
GC*TAGA	0.002999
GC*TAGC*	0.002999
GC*TAGG	0.002999
GC*TAGT	0.002999
GC*TATA	0.002999
GC*TATC*	0.002999
GC*TATG	0.002999
GC*TATT	0.002999
GC*TC*AA	0.387569
GC*TC*AC*	0.002999
GC*TC*AG	0.291064
GC*TC*AT	0.164503
GC*TC*C*A	0.538639
GC*TC*C*C*	0.603065
GC*TC*C*G	0.002999
GC*TC*C*T	0.002999
GC*TC*GA	0.290566
GC*TC*GC*	0.002999
GC*TC*GG	0.002999
GC*TC*GT	0.002999
GC*TC*TA	0.343338
GC*TC*TC*	0.625784
GC*TC*TG	0.211868
GC*TC*TT	0.002999
GC*TGAA	0.473963
GC*TGAC*	0.249111
GC*TGAG	0.262899
GC*TGAT	0.332891
GC*TGC*A	0.002999
GC*TGC*C*	0.002999
GC*TGC*G	0.002999
GC*TGC*T	0.002999
GC*TGGA	0.191022
GC*TGGC*	0.002999
GC*TGGG	0.002999
GC*TGGT	0.002999
GC*TGTA	0.002999
GC*TGTC*	0.002999
GC*TGTG	0.139044
GC*TGTT	0.002999
GC*TTAA	0.002999
GC*TTAC*	0.002999
GC*TTAG	0.002999
GC*TTAT	0.002999
GC*TTC*A	0.485085
GC*TTC*C*	0.519348
GC*TTC*G	0.002999
GC*TTC*T	0.473026
GC*TTGA	0.002999
GC*TTGC*	0.002999
GC*TTGG	0.002999
GC*TTGT	0.002999
GC*TTTA	0.002999
GC*TTTC*	0.002999
GC*TTTG	0.078954
GC*TTTT	0.198473
GGAAAC*	0.002999
GGAAC*A	0.002999
GGAAC*C*	0.673794
GGAAC*G	0.474754
GGAAC*T	0.002999
GGAAGC*	0.335200
GGAATC*	0.181100
GGAC*AA	0.002999
GGAC*AC*	0.002999
GGAC*AG	0.371883
GGAC*AT	0.002999
GGAC*C*A	0.375935
GGAC*C*C*	0.002999
GGAC*C*G	0.002999
GGAC*C*T	0.002999
GGAC*GA	0.002999
GGAC*GC*	0.002999
GGAC*GG	0.537983
GGAC*GT	0.002999
GGAC*TA	0.002999
GGAC*TC*	0.002999
GGAC*TG	0.002999
GGAC*TT	0.002999
GGAGAC*	0.002999
GGAGC*A	0.002999
GGAGC*C*	0.259376
GGAGC*G	0.486979
GGAGC*T	0.002999
GGAGGC*	0.002999
GGAGTC*	0.002999
GGATAC*	0.002999
GGATC*A	0.448871
GGATC*C*	0.382794
GGATC*G	0.002999
GGATC*T	0.002999
GGATGC*	0.503526
GGATTC*	0.002999
GGC*AAA	0.459244
GGC*AAC*	0.002999
GGC*AAG	0.002999
GGC*AAT	0.542621
GGC*AC*A	0.378304
GGC*AC*C*	0.002999
GGC*AC*G	0.002999
GGC*AC*T	0.409930
GGC*AGA	0.272574
GGC*AGC*	0.002999
GGC*AGG	0.002999
GGC*AGT	0.527130
GGC*ATA	0.002999
GGC*ATC*	0.674134
GGC*ATG	0.002999
GGC*ATT	0.002999
GGC*C*AA	0.202699
GGC*C*AC*	0.002999
GGC*C*AG	0.002999
GGC*C*AT	0.002999
GGC*C*C*A	0.002999
GGC*C*C*C*	0.002999
GGC*C*C*G	0.002999
GGC*C*C*T	0.218451
GGC*C*GA	0.265012
GGC*C*GC*	0.407508
GGC*C*GG	0.002999
GGC*C*GT	0.002999
GGC*C*TA	0.002999
GGC*C*TC*	0.220458
GGC*C*TG	0.419098
GGC*C*TT	0.002999
GGC*GAA	0.002999
GGC*GAC*	0.002999
GGC*GAG	0.002999
GGC*GAT	0.289362
GGC*GC*A	0.002999
GGC*GC*C*	0.002999
GGC*GC*G	0.002999
GGC*GC*T	0.002999
GGC*GGA	0.002999
GGC*GGC*	0.347295
GGC*GGG	0.002999
GGC*GGT	0.330288
GGC*GTA	0.273873
GGC*GTC*	0.002999
GGC*GTG	0.002999
GGC*GTT	0.277983
GGC*TAA	0.002999
GGC*TAC*	0.002999
GGC*TAG	0.002999
GGC*TAT	0.002999
GGC*TC*A	0.002999
GGC*TC*C*	0.346022
GGC*TC*G	0.002999
GGC*TC*T	0.002999
GGC*TGA	0.669523
GGC*TGC*	0.002999
GGC*TGG	0.449490
GGC*TGT	0.528298
GGC*TTA	0.002999
GGC*TTC*	0.002999
GGC*TTG	0.002999
GGC*TTT	0.252387
GGGAAC*	0.002999
GGGAC*A	0.002999
GGGAC*C*	0.002999
GGGAC*G	0.562322
GGGAC*T	0.002999
GGGAGC*	0.257709
GGGATC*	0.524352
GGGC*AA	0.514657
GGGC*AC*	0.422869
GGGC*AG	0.002999
GGGC*AT	0.002999
GGGC*C*A	0.002999
GGGC*C*C*	0.002999
GGGC*C*G	0.044342
GGGC*C*T	0.345301
GGGC*GA	0.498174
GGGC*GC*	0.002999
GGGC*GG	0.002999
GGGC*GT	0.002999
GGGC*TA	0.002999
GGGC*TC*	0.002999
GGGC*TG	0.493522
GGGC*TT	0.002999
GGGGAC*	0.002999
GGGGC*A	0.440817
GGGGC*C*	0.002999
GGGGC*G	0.655271
GGGGC*T	0.002999
GGGGGC*	0.002999
GGGGTC*	0.002999
GGGTAC*	0.002999
GGGTC*A	0.002999
GGGTC*C*	0.002999
GGGTC*G	0.002999
GGGTC*T	0.002999
GGGTGC*	0.002999
GGGTTC*	0.187563
GGTAAC*	0.002999
GGTAC*A	0.002999
GGTAC*C*	0.002999
GGTAC*G	0.192452
GGTAC*T	0.396910
GGTAGC*	0.002999
GGTATC*	0.002999
GGTC*AA	0.002999
GGTC*AC*	0.486136
GGTC*AG	0.002999
GGTC*AT	0.002999
GGTC*C*A	0.446563
GGTC*C*C*	0.002999
GGTC*C*G	0.002999
GGTC*C*T	0.002999
GGTC*GA	0.390669
GGTC*GC*	0.002999
GGTC*GG	0.002999
GGTC*GT	0.002999
GGTC*TA	0.002999
GGTC*TC*	0.002999
GGTC*TG	0.165642
GGTC*TT	0.002999
GGTGAC*	0.473724
GGTGC*A	0.479241
GGTGC*C*	0.002999
GGTGC*G	0.002999
GGTGC*T	0.002999
GGTGGC*	0.373519
GGTGTC*	0.254726
GGTTAC*	0.002999
GGTTC*A	0.002999
GGTTC*C*	0.621287
GGTTC*G	0.386279
GGTTC*T	0.002999
GGTTGC*	0.002999
GGTTTC*	0.263287
GTAAAC*	0.002999
GTAAC*A	0.440204
GTAAC*C*	0.002999
GTAAC*G	0.002999
GTAAC*T	0.002999
GTAAGC*	0.002999
GTAATC*	0.002999
GTAC*AA	0.002999
GTAC*AC*	0.002999
GTAC*AG	0.002999
GTAC*AT	0.002999
GTAC*C*A	0.002999
GTAC*C*C*	0.002999
GTAC*C*G	0.280305
GTAC*C*T	0.002999
GTAC*GA	0.002999
GTAC*GC*	0.253180
GTAC*GG	0.002999
GTAC*GT	0.002999
GTAC*TA	0.002999
GTAC*TC*	0.002999
GTAC*TG	0.215346
GTAC*TT	0.002999
GTAGAC*	0.002999
GTAGC*A	0.002999
GTAGC*C*	0.002999
GTAGC*G	0.654812
GTAGC*T	0.002999
GTAGGC*	0.002999
GTAGTC*	0.002999
GTATAC*	0.002999
GTATC*A	0.166619
GTATC*C*	0.002999
GTATC*G	0.002999
GTATC*T	0.002999
GTATGC*	0.002999
GTATTC*	0.002999
GTC*AAA	0.002999
GTC*AAC*	0.002999
GTC*AAG	0.196533
GTC*AAT	0.371007
GTC*AC*A	0.002999
GTC*AC*C*	0.338029
GTC*AC*G	0.002999
GTC*AC*T	0.002999
GTC*AGA	0.002999
GTC*AGC*	0.168938
GTC*AGG	0.220829
GTC*AGT	0.002999
GTC*ATA	0.002999
GTC*ATC*	0.002999
GTC*ATG	0.190231
GTC*ATT	0.296432
GTC*C*AA	0.002999
GTC*C*AC*	0.340874
GTC*C*AG	0.002999
GTC*C*AT	0.002999
GTC*C*C*A	0.002999
GTC*C*C*C*	0.002999
GTC*C*C*G	0.358136
GTC*C*C*T	0.002999
GTC*C*GA	0.002999
GTC*C*GC*	0.002999
GTC*C*GG	0.002999
GTC*C*GT	0.002999
GTC*C*TA	0.002999
GTC*C*TC*	0.002999
GTC*C*TG	0.002999
GTC*C*TT	0.002999
GTC*GAA	0.002999
GTC*GAC*	0.002999
GTC*GAG	0.407626
GTC*GAT	0.002999
GTC*GC*A	0.002999
GTC*GC*C*	0.002999
GTC*GC*G	0.258663
GTC*GC*T	0.002999
GTC*GGA	0.002999
GTC*GGC*	0.437868
GTC*GGG	0.164549
GTC*GGT	0.286856
GTC*GTA	0.002999
GTC*GTC*	0.324599
GTC*GTG	0.453770
GTC*GTT	0.002999
GTC*TAA	0.371998
GTC*TAC*	0.002999
GTC*TAG	0.002999
GTC*TAT	0.002999
GTC*TC*A	0.002999
GTC*TC*C*	0.002999
GTC*TC*G	0.002999
GTC*TC*T	0.002999
GTC*TGA	0.002999
GTC*TGC*	0.183512
GTC*TGG	0.002999
GTC*TGT	0.002999
GTC*TTA	0.002999
GTC*TTC*	0.236604
GTC*TTG	0.386745
GTC*TTT	0.002999
GTGAAC*	0.002999
GTGAC*A	0.002999
GTGAC*C*	0.506444
GTGAC*G	0.002999
GTGAC*T	0.002999
GTGAGC*	0.002999
GTGATC*	0.325586
GTGC*AA	0.686613
GTGC*AC*	0.002999
GTGC*AG	0.002999
GTGC*AT	0.002999
GTGC*C*A	0.462718
GTGC*C*C*	0.344134
GTGC*C*G	0.002999
GTGC*C*T	0.002999
GTGC*GA	0.002999
GTGC*GC*	0.302809
GTGC*GG	0.002999
GTGC*GT	0.002999
GTGC*TA	0.002999
GTGC*TC*	0.002999
GTGC*TG	0.535703
GTGC*TT	0.002999
GTGGAC*	0.460837
GTGGC*A	0.327631
GTGGC*C*	0.002999
GTGGC*G	0.002999
GTGGC*T	0.385441
GTGGGC*	0.002999
GTGGTC*	0.461777
GTGTAC*	0.002999
GTGTC*A	0.002999
GTGTC*C*	0.002999
GTGTC*G	0.472944
GTGTC*T	0.002999
GTGTGC*	0.002999
GTGTTC*	0.002999
GTTAAC*	0.002999
GTTAC*A	0.262421
GTTAC*C*	0.002999
GTTAC*G	0.002999
GTTAC*T	0.002999
GTTAGC*	0.369879
GTTATC*	0.002999
GTTC*AA	0.434662
GTTC*AC*	0.002999
GTTC*AG	0.378366
GTTC*AT	0.002999
GTTC*C*A	0.002999
GTTC*C*C*	0.002999
GTTC*C*G	0.362540
GTTC*C*T	0.101566
GTTC*GA	0.087737
GTTC*GC*	0.002999
GTTC*GG	0.393079
GTTC*GT	0.002999
GTTC*TA	0.002999
GTTC*TC*	0.002999
GTTC*TG	0.002999
GTTC*TT	0.002999
GTTGAC*	0.002999
GTTGC*A	0.503340
GTTGC*C*	0.002999
GTTGC*G	0.002999
GTTGC*T	0.230638
GTTGGC*	0.002999
GTTGTC*	0.350149
GTTTAC*	0.002999
GTTTC*A	0.002999
GTTTC*C*	0.002999
GTTTC*G	0.002999
GTTTC*T	0.062752
GTTTGC*	0.002999
GTTTTC*	0.002999
TAAAAC*	0.002999
TAAAC*A	0.410426
TAAAC*C*	0.534273
TAAAC*G	0.002999
TAAAC*T	0.002999
TAAAGC*	0.002999
TAAATC*	0.337448
TAAC*AA	0.002999
TAAC*AC*	0.422654
TAAC*AG	0.002999
TAAC*AT	0.002999
TAAC*C*A	0.372816
TAAC*C*C*	0.002999
TAAC*C*G	0.263879
TAAC*C*T	0.441351
TAAC*GA	0.002999
TAAC*GC*	0.002999
TAAC*GG	0.002999
TAAC*GT	0.002999
TAAC*TA	0.002999
TAAC*TC*	0.002999
TAAC*TG	0.002999
TAAC*TT	0.002999
TAAGAC*	0.002999
TAAGC*A	0.002999
TAAGC*C*	0.002999
TAAGC*G	0.002999
TAAGC*T	0.002999
TAAGGC*	0.002999
TAAGTC*	0.002999
TAATAC*	0.002999
TAATC*A	0.002999
TAATC*C*	0.002999
TAATC*G	0.002999
TAATC*T	0.002999
TAATGC*	0.345800
TAATTC*	0.002999
TAC*AAA	0.002999
TAC*AAC*	0.271271
TAC*AAG	0.002999
TAC*AAT	0.002999
TAC*AC*A	0.002999
TAC*AC*C*	0.430110
TAC*AC*G	0.002999
TAC*AC*T	0.002999
TAC*AGA	0.002999
TAC*AGC*	0.002999
TAC*AGG	0.002999
TAC*AGT	0.002999
TAC*ATA	0.002999
TAC*ATC*	0.002999
TAC*ATG	0.002999
TAC*ATT	0.061451
TAC*C*AA	0.002999
TAC*C*AC*	0.002999
TAC*C*AG	0.311358
TAC*C*AT	0.002999
TAC*C*C*A	0.002999
TAC*C*C*C*	0.389861
TAC*C*C*G	0.002999
TAC*C*C*T	0.002999
TAC*C*GA	0.341873
TAC*C*GC*	0.002999
TAC*C*GG	0.002999
TAC*C*GT	0.470126
TAC*C*TA	0.002999
TAC*C*TC*	0.002999
TAC*C*TG	0.002999
TAC*C*TT	0.002999
TAC*GAA	0.002999
TAC*GAC*	0.002999
TAC*GAG	0.002999
TAC*GAT	0.002999
TAC*GC*A	0.002999
TAC*GC*C*	0.364214
TAC*GC*G	0.002999
TAC*GC*T	0.425471
TAC*GGA	0.002999
TAC*GGC*	0.002999
TAC*GGG	0.002999
TAC*GGT	0.002999
TAC*GTA	0.002999
TAC*GTC*	0.002999
TAC*GTG	0.002999
TAC*GTT	0.002999
TAC*TAA	0.002999
TAC*TAC*	0.002999
TAC*TAG	0.002999
TAC*TAT	0.002999
TAC*TC*A	0.002999
TAC*TC*C*	0.002999
TAC*TC*G	0.002999
TAC*TC*T	0.002999
TAC*TGA	0.529329
TAC*TGC*	0.002999
TAC*TGG	0.002999
TAC*TGT	0.002999
TAC*TTA	0.002999
TAC*TTC*	0.002999
TAC*TTG	0.002999
TAC*TTT	0.002999
TAGAAC*	0.002999
TAGAC*A	0.002999
TAGAC*C*	0.002999
TAGAC*G	0.260991
TAGAC*T	0.002999
TAGAGC*	0.571774
TAGATC*	0.002999
TAGC*AA	0.002999
TAGC*AC*	0.002999
TAGC*AG	0.002999
TAGC*AT	0.002999
TAGC*C*A	0.002999
TAGC*C*C*	0.002999
TAGC*C*G	0.002999
TAGC*C*T	0.002999
TAGC*GA	0.002999
TAGC*GC*	0.002999
TAGC*GG	0.521923
TAGC*GT	0.002999
TAGC*TA	0.002999
TAGC*TC*	0.002999
TAGC*TG	0.002999
TAGC*TT	0.528307
TAGGAC*	0.002999
TAGGC*A	0.002999
TAGGC*C*	0.002999
TAGGC*G	0.405810
TAGGC*T	0.002999
TAGGGC*	0.002999
TAGGTC*	0.002999
TAGTAC*	0.002999
TAGTC*A	0.002999
TAGTC*C*	0.002999
TAGTC*G	0.002999
TAGTC*T	0.002999
TAGTGC*	0.002999
TAGTTC*	0.002999
TATAAC*	0.002999
TATAC*A	0.002999
TATAC*C*	0.002999
TATAC*G	0.002999
TATAC*T	0.002999
TATAGC*	0.002999
TATATC*	0.002999
TATC*AA	0.002999
TATC*AC*	0.508823
TATC*AG	0.295393
TATC*AT	0.494929
TATC*C*A	0.002999
TATC*C*C*	0.002999
TATC*C*G	0.002999
TATC*C*T	0.002999
TATC*GA	0.002999
TATC*GC*	0.002999
TATC*GG	0.002999
TATC*GT	0.002999
TATC*TA	0.002999
TATC*TC*	0.002999
TATC*TG	0.002999
TATC*TT	0.002999
TATGAC*	0.002999
TATGC*A	0.002999
TATGC*C*	0.002999
TATGC*G	0.002999
TATGC*T	0.002999
TATGGC*	0.002999
TATGTC*	0.002999
TATTAC*	0.002999
TATTC*A	0.382131
TATTC*C*	0.002999
TATTC*G	0.002999
TATTC*T	0.002999
TATTGC*	0.177486
TATTTC*	0.002999
TC*AAAA	0.291909
TC*AAAC*	0.171715
TC*AAAG	0.469128
TC*AAAT	0.105254
TC*AAC*A	0.414046
TC*AAC*C*	0.565653
TC*AAC*G	0.002999
TC*AAC*T	0.269580
TC*AAGA	0.243531
TC*AAGC*	0.002999
TC*AAGG	0.002999
TC*AAGT	0.184722
TC*AATA	0.299614
TC*AATC*	0.002999
TC*AATG	0.002999
TC*AATT	0.002999
TC*AC*AA	0.002999
TC*AC*AC*	0.002999
TC*AC*AG	0.002999
TC*AC*AT	0.002999
TC*AC*C*A	0.253359
TC*AC*C*C*	0.002999
TC*AC*C*G	0.227461
TC*AC*C*T	0.436323
TC*AC*GA	0.298702
TC*AC*GC*	0.282373
TC*AC*GG	0.002999
TC*AC*GT	0.002999
TC*AC*TA	0.002999
TC*AC*TC*	0.002999
TC*AC*TG	0.002999
TC*AC*TT	0.460241
TC*AGAA	0.443735
TC*AGAC*	0.002999
TC*AGAG	0.002999
TC*AGAT	0.287943
TC*AGC*A	0.277250
TC*AGC*C*	0.297441
TC*AGC*G	0.321169
TC*AGC*T	0.469260
TC*AGGA	0.002999
TC*AGGC*	0.590823
TC*AGGG	0.151783
TC*AGGT	0.120990
TC*AGTA	0.172580
TC*AGTC*	0.002999
TC*AGTG	0.002999
TC*AGTT	0.452401
TC*ATAA	0.002999
TC*ATAC*	0.450083
TC*ATAG	0.002999
TC*ATAT	0.002999
TC*ATC*A	0.397738
TC*ATC*C*	0.292167
TC*ATC*G	0.002999
TC*ATC*T	0.002999
TC*ATGA	0.251387
TC*ATGC*	0.002999
TC*ATGG	0.002999
TC*ATGT	0.198308
TC*ATTA	0.002999
TC*ATTC*	0.187070
TC*ATTG	0.002999
TC*ATTT	0.002999
TC*C*AAA	0.002999
TC*C*AAC*	0.402115
TC*C*AAG	0.002999
TC*C*AAT	0.002999
TC*C*AC*A	0.002999
TC*C*AC*C*	0.201009
TC*C*AC*G	0.152480
TC*C*AC*T	0.002999
TC*C*AGA	0.002999
TC*C*AGC*	0.417031
TC*C*AGG	0.002999
TC*C*AGT	0.002999
TC*C*ATA	0.002999
TC*C*ATC*	0.002999
TC*C*ATG	0.002999
TC*C*ATT	0.002999
TC*C*C*AA	0.002999
TC*C*C*AC*	0.002999
TC*C*C*AG	0.002999
TC*C*C*AT	0.002999
TC*C*C*C*A	0.002999
TC*C*C*C*C*	0.002999
TC*C*C*C*G	0.292753
TC*C*C*C*T	0.002999
TC*C*C*GA	0.441864
TC*C*C*GC*	0.002999
TC*C*C*GG	0.002999
TC*C*C*GT	0.446758
TC*C*C*TA	0.002999
TC*C*C*TC*	0.329101
TC*C*C*TG	0.002999
TC*C*C*TT	0.002999
TC*C*GAA	0.002999
TC*C*GAC*	0.002999
TC*C*GAG	0.002999
TC*C*GAT	0.002999
TC*C*GC*A	0.002999
TC*C*GC*C*	0.002999
TC*C*GC*G	0.255602
TC*C*GC*T	0.002999
TC*C*GGA	0.002999
TC*C*GGC*	0.566123
TC*C*GGG	0.002999
TC*C*GGT	0.002999
TC*C*GTA	0.002999
TC*C*GTC*	0.002999
TC*C*GTG	0.411444
TC*C*GTT	0.334142
TC*C*TAA	0.002999
TC*C*TAC*	0.002999
TC*C*TAG	0.565173
TC*C*TAT	0.002999
TC*C*TC*A	0.308177
TC*C*TC*C*	0.423447
TC*C*TC*G	0.002999
TC*C*TC*T	0.002999
TC*C*TGA	0.002999
TC*C*TGC*	0.002999
TC*C*TGG	0.002999
TC*C*TGT	0.416127
TC*C*TTA	0.002999
TC*C*TTC*	0.459983
TC*C*TTG	0.002999
TC*C*TTT	0.307604
TC*GAAA	0.002999
TC*GAAC*	0.493456
TC*GAAG	0.002999
TC*GAAT	0.002999
TC*GAC*A	0.002999
TC*GAC*C*	0.606790
TC*GAC*G	0.002999
TC*GAC*T	0.002999
TC*GAGA	0.002999
TC*GAGC*	0.448761
TC*GAGG	0.002999
TC*GAGT	0.002999
TC*GATA	0.002999
TC*GATC*	0.002999
TC*GATG	0.002999
TC*GATT	0.157933
TC*GC*AA	0.002999
TC*GC*AC*	0.002999
TC*GC*AG	0.002999
TC*GC*AT	0.002999
TC*GC*C*A	0.002999
TC*GC*C*C*	0.172505
TC*GC*C*G	0.002999
TC*GC*C*T	0.002999
TC*GC*GA	0.002999
TC*GC*GC*	0.002999
TC*GC*GG	0.504286
TC*GC*GT	0.002999
TC*GC*TA	0.002999
TC*GC*TC*	0.002999
TC*GC*TG	0.002999
TC*GC*TT	0.002999
TC*GGAA	0.002999
TC*GGAC*	0.002999
TC*GGAG	0.002999
TC*GGAT	0.002999
TC*GGC*A	0.002999
TC*GGC*C*	0.288379
TC*GGC*G	0.582359
TC*GGC*T	0.279312
TC*GGGA	0.233996
TC*GGGC*	0.002999
TC*GGGG	0.352995
TC*GGGT	0.002999
TC*GGTA	0.303205
TC*GGTC*	0.002999
TC*GGTG	0.002999
TC*GGTT	0.149802
TC*GTAA	0.002999
TC*GTAC*	0.002999
TC*GTAG	0.002999
TC*GTAT	0.002999
TC*GTC*A	0.502720
TC*GTC*C*	0.002999
TC*GTC*G	0.002999
TC*GTC*T	0.452466
TC*GTGA	0.302806
TC*GTGC*	0.439445
TC*GTGG	0.002999
TC*GTGT	0.002999
TC*GTTA	0.002999
TC*GTTC*	0.002999
TC*GTTG	0.002999
TC*GTTT	0.002999
TC*TAAA	0.146242
TC*TAAC*	0.002999
TC*TAAG	0.102685
TC*TAAT	0.002999
TC*TAC*A	0.002999
TC*TAC*C*	0.002999
TC*TAC*G	0.002999
TC*TAC*T	0.002999
TC*TAGA	0.002999
TC*TAGC*	0.002999
TC*TAGG	0.646845
TC*TAGT	0.002999
TC*TATA	0.002999
TC*TATC*	0.002999
TC*TATG	0.002999
TC*TATT	0.002999
TC*TC*AA	0.002999
TC*TC*AC*	0.002999
TC*TC*AG	0.002999
TC*TC*AT	0.015787
TC*TC*C*A	0.002999
TC*TC*C*C*	0.002999
TC*TC*C*G	0.002999
TC*TC*C*T	0.002999
TC*TC*GA	0.002999
TC*TC*GC*	0.002999
TC*TC*GG	0.002999
TC*TC*GT	0.002999
TC*TC*TA	0.002999
TC*TC*TC*	0.002999
TC*TC*TG	0.002999
TC*TC*TT	0.002999
TC*TGAA	0.002999
TC*TGAC*	0.002999
TC*TGAG	0.002999
TC*TGAT	0.265101
TC*TGC*A	0.002999
TC*TGC*C*	0.218123
TC*TGC*G	0.306869
TC*TGC*T	0.002999
TC*TGGA	0.002999
TC*TGGC*	0.271446
TC*TGGG	0.002999
TC*TGGT	0.543683
TC*TGTA	0.002999
TC*TGTC*	0.002999
TC*TGTG	0.002999
TC*TGTT	0.204220
TC*TTAA	0.002999
TC*TTAC*	0.002999
TC*TTAG	0.312649
TC*TTAT	0.002999
TC*TTC*A	0.471809
TC*TTC*C*	0.595724
TC*TTC*G	0.002999
TC*TTC*T	0.002999
TC*TTGA	0.445935
TC*TTGC*	0.002999
TC*TTGG	0.575024
TC*TTGT	0.002999
TC*TTTA	0.215434
TC*TTTC*	0.002999
TC*TTTG	0.103507
TC*TTTT	0.088208
TGAAAC*	0.002999
TGAAC*A	0.002999
TGAAC*C*	0.002999
TGAAC*G	0.602584
TGAAC*T	0.564026
TGAAGC*	0.294107
TGAATC*	0.237040
TGAC*AA	0.002999
TGAC*AC*	0.002999
TGAC*AG	0.002999
TGAC*AT	0.349740
TGAC*C*A	0.332715
TGAC*C*C*	0.002999
TGAC*C*G	0.002999
TGAC*C*T	0.002999
TGAC*GA	0.304624
TGAC*GC*	0.220623
TGAC*GG	0.340470
TGAC*GT	0.120426
TGAC*TA	0.002999
TGAC*TC*	0.222436
TGAC*TG	0.002999
TGAC*TT	0.347967
TGAGAC*	0.002999
TGAGC*A	0.399777
TGAGC*C*	0.002999
TGAGC*G	0.513516
TGAGC*T	0.235368
TGAGGC*	0.002999
TGAGTC*	0.528450
TGATAC*	0.260839
TGATC*A	0.002999
TGATC*C*	0.556368
TGATC*G	0.002999
TGATC*T	0.374408
TGATGC*	0.315475
TGATTC*	0.379021
TGC*AAA	0.002999
TGC*AAC*	0.487425
TGC*AAG	0.002999
TGC*AAT	0.002999
TGC*AC*A	0.002999
TGC*AC*C*	0.332667
TGC*AC*G	0.002999
TGC*AC*T	0.002999
TGC*AGA	0.002999
TGC*AGC*	0.002999
TGC*AGG	0.592621
TGC*AGT	0.002999
TGC*ATA	0.002999
TGC*ATC*	0.369415
TGC*ATG	0.002999
TGC*ATT	0.002999
TGC*C*AA	0.002999
TGC*C*AC*	0.259631
TGC*C*AG	0.289895
TGC*C*AT	0.002999
TGC*C*C*A	0.002999
TGC*C*C*C*	0.428307
TGC*C*C*G	0.281896
TGC*C*C*T	0.135788
TGC*C*GA	0.002999
TGC*C*GC*	0.002999
TGC*C*GG	0.193668
TGC*C*GT	0.002999
TGC*C*TA	0.002999
TGC*C*TC*	0.141903
TGC*C*TG	0.002999
TGC*C*TT	0.202720
TGC*GAA	0.002999
TGC*GAC*	0.002999
TGC*GAG	0.002999
TGC*GAT	0.002999
TGC*GC*A	0.002999
TGC*GC*C*	0.002999
TGC*GC*G	0.204536
TGC*GC*T	0.265266
TGC*GGA	0.002999
TGC*GGC*	0.528646
TGC*GGG	0.002999
TGC*GGT	0.240539
TGC*GTA	0.002999
TGC*GTC*	0.002999
TGC*GTG	0.341824
TGC*GTT	0.421022
TGC*TAA	0.002999
TGC*TAC*	0.002999
TGC*TAG	0.002999
TGC*TAT	0.002999
TGC*TC*A	0.289161
TGC*TC*C*	0.002999
TGC*TC*G	0.002999
TGC*TC*T	0.182379
TGC*TGA	0.221793
TGC*TGC*	0.002999
TGC*TGG	0.002999
TGC*TGT	0.002999
TGC*TTA	0.002999
TGC*TTC*	0.281149
TGC*TTG	0.002999
TGC*TTT	0.204397
TGGAAC*	0.002999
TGGAC*A	0.407048
TGGAC*C*	0.344507
TGGAC*G	0.002999
TGGAC*T	0.002999
TGGAGC*	0.470704
TGGATC*	0.341299
TGGC*AA	0.547228
TGGC*AC*	0.545426
TGGC*AG	0.497433
TGGC*AT	0.002999
TGGC*C*A	0.002999
TGGC*C*C*	0.002999
TGGC*C*G	0.322706
TGGC*C*T	0.002999
TGGC*GA	0.002999
TGGC*GC*	0.002999
TGGC*GG	0.002999
TGGC*GT	0.002999
TGGC*TA	0.002999
TGGC*TC*	0.222783
TGGC*TG	0.665102
TGGC*TT	0.002999
TGGGAC*	0.002999
TGGGC*A	0.002999
TGGGC*C*	0.002999
TGGGC*G	0.002999
TGGGC*T	0.002999
TGGGGC*	0.550849
TGGGTC*	0.002999
TGGTAC*	0.002999
TGGTC*A	0.241732
TGGTC*C*	0.495187
TGGTC*G	0.002999
TGGTC*T	0.002999
TGGTGC*	0.278032
TGGTTC*	0.002999
TGTAAC*	0.345810
TGTAC*A	0.002999
TGTAC*C*	0.002999
TGTAC*G	0.002999
TGTAC*T	0.002999
TGTAGC*	0.408147
TGTATC*	0.002999
TGTC*AA	0.002999
TGTC*AC*	0.002999
TGTC*AG	0.002999
TGTC*AT	0.281348
TGTC*C*A	0.224960
TGTC*C*C*	0.002999
TGTC*C*G	0.002999
TGTC*C*T	0.002999
TGTC*GA	0.002999
TGTC*GC*	0.309111
TGTC*GG	0.250059
TGTC*GT	0.002999
TGTC*TA	0.002999
TGTC*TC*	0.002999
TGTC*TG	0.002999
TGTC*TT	0.002999
TGTGAC*	0.002999
TGTGC*A	0.002999
TGTGC*C*	0.143296
TGTGC*G	0.619101
TGTGC*T	0.002999
TGTGGC*	0.449692
TGTGTC*	0.002999
TGTTAC*	0.297901
TGTTC*A	0.002999
TGTTC*C*	0.002999
TGTTC*G	0.002999
TGTTC*T	0.002999
TGTTGC*	0.244523
TGTTTC*	0.002999
TTAAAC*	0.002999
TTAAC*A	0.002999
TTAAC*C*	0.615836
TTAAC*G	0.002999
TTAAC*T	0.002999
TTAAGC*	0.002999
TTAATC*	0.002999
TTAC*AA	0.438017
TTAC*AC*	0.002999
TTAC*AG	0.002999
TTAC*AT	0.002999
TTAC*C*A	0.002999
TTAC*C*C*	0.441724
TTAC*C*G	0.142630
TTAC*C*T	0.002999
TTAC*GA	0.002999
TTAC*GC*	0.126892
TTAC*GG	0.002999
TTAC*GT	0.002999
TTAC*TA	0.002999
TTAC*TC*	0.002999
TTAC*TG	0.002999
TTAC*TT	0.002999
TTAGAC*	0.452584
TTAGC*A	0.002999
TTAGC*C*	0.002999
TTAGC*G	0.002999
TTAGC*T	0.351343
TTAGGC*	0.002999
TTAGTC*	0.002999
TTATAC*	0.002999
TTATC*A	0.172239
TTATC*C*	0.002999
TTATC*G	0.002999
TTATC*T	0.002999
TTATGC*	0.002999
TTATTC*	0.373961
TTC*AAA	0.299269
TTC*AAC*	0.324644
TTC*AAG	0.411936
TTC*AAT	0.002999
TTC*AC*A	0.002999
TTC*AC*C*	0.227490
TTC*AC*G	0.389034
TTC*AC*T	0.002999
TTC*AGA	0.002999
TTC*AGC*	0.250255
TTC*AGG	0.057972
TTC*AGT	0.002999
TTC*ATA	0.002999
TTC*ATC*	0.266365
TTC*ATG	0.002999
TTC*ATT	0.002999
TTC*C*AA	0.002999
TTC*C*AC*	0.002999
TTC*C*AG	0.002999
TTC*C*AT	0.002999
TTC*C*C*A	0.002999
TTC*C*C*C*	0.352286
TTC*C*C*G	0.549747
TTC*C*C*T	0.002999
TTC*C*GA	0.002999
TTC*C*GC*	0.355445
TTC*C*GG	0.002999
TTC*C*GT	0.372504
TTC*C*TA	0.002999
TTC*C*TC*	0.346002
TTC*C*TG	0.507903
TTC*C*TT	0.504738
TTC*GAA	0.002999
TTC*GAC*	0.002999
TTC*GAG	0.002999
TTC*GAT	0.252409
TTC*GC*A	0.002999
TTC*GC*C*	0.002999
TTC*GC*G	0.002999
TTC*GC*T	0.002999
TTC*GGA	0.002999
TTC*GGC*	0.002999
TTC*GGG	0.157727
TTC*GGT	0.175953
TTC*GTA	0.002999
TTC*GTC*	0.278683
TTC*GTG	0.295965
TTC*GTT	0.002999
TTC*TAA	0.449477
TTC*TAC*	0.002999
TTC*TAG	0.002999
TTC*TAT	0.002999
TTC*TC*A	0.002999
TTC*TC*C*	0.002999
TTC*TC*G	0.002999
TTC*TC*T	0.002999
TTC*TGA	0.464255
TTC*TGC*	0.002999
TTC*TGG	0.134924
TTC*TGT	0.002999
TTC*TTA	0.268401
TTC*TTC*	0.442216
TTC*TTG	0.281113
TTC*TTT	0.002999
TTGAAC*	0.453109
TTGAC*A	0.002999
TTGAC*C*	0.002999
TTGAC*G	0.187203
TTGAC*T	0.002999
TTGAGC*	0.131858
TTGATC*	0.002999
TTGC*AA	0.002999
TTGC*AC*	0.557347
TTGC*AG	0.002999
TTGC*AT	0.002999
TTGC*C*A	0.252461
TTGC*C*C*	0.434133
TTGC*C*G	0.002999
TTGC*C*T	0.002999
TTGC*GA	0.002999
TTGC*GC*	0.002999
TTGC*GG	0.002999
TTGC*GT	0.002999
TTGC*TA	0.002999
TTGC*TC*	0.526061
TTGC*TG	0.366775
TTGC*TT	0.513747
TTGGAC*	0.002999
TTGGC*A	0.002999
TTGGC*C*	0.525101
TTGGC*G	0.002999
TTGGC*T	0.002999
TTGGGC*	0.002999
TTGGTC*	0.002999
TTGTAC*	0.002999
TTGTC*A	0.002999
TTGTC*C*	0.002999
TTGTC*G	0.324968
TTGTC*T	0.002999
TTGTGC*	0.002999
TTGTTC*	0.002999
TTTAAC*	0.002999
TTTAC*A	0.002999
TTTAC*C*	0.339423
TTTAC*G	0.002999
TTTAC*T	0.002999
TTTAGC*	0.002999
TTTATC*	0.303149
TTTC*AA	0.002999
TTTC*AC*	0.002999
TTTC*AG	0.302174
TTTC*AT	0.002999
TTTC*C*A	0.002999
TTTC*C*C*	0.444173
TTTC*C*G	0.389274
TTTC*C*T	0.002999
TTTC*GA	0.002999
TTTC*GC*	0.002999
TTTC*GG	0.469517
TTTC*GT	0.246081
TTTC*TA	0.393955
TTTC*TC*	0.002999
TTTC*TG	0.338443
TTTC*TT	0.331180
TTTGAC*	0.002999
TTTGC*A	0.002999
TTTGC*C*	0.121164
TTTGC*G	0.002999
TTTGC*T	0.231549
TTTGGC*	0.457135
TTTGTC*	0.002999
TTTTAC*	0.344025
TTTTC*A	0.002999
TTTTC*C*	0.002999
TTTTC*G	0.053744
TTTTC*T	0.217686
TTTTGC*	0.177071
TTTTTC*	0.339930
